tframe,y,x,track_no
0,286,710,2
1,286,718,2
2,286,724,2
3,284,730,2
4,284,738,2
5,284,748,2
6,284,756,2
7,284,764,2
8,284,774,2
9,284,788,2
10,284,796,2
11,284,806,2
12,284,810,2
13,284,810,2
14,284,814,2
15,284,818,2
16,284,826,2
17,284,834,2
18,284,842,2
19,282,854,2
20,282,862,2
21,282,870,2
22,282,878,2
23,282,882,2
24,282,886,2
25,282,890,2
26,282,892,2
27,282,894,2
28,282,898,2
29,282,906,2
30,282,910,2
31,282,918,2
32,282,926,2
33,282,932,2
34,282,934,2
35,282,938,2
36,282,942,2
37,282,950,2
38,282,952,2
39,282,958,2
40,282,960,2
41,282,964,2
42,282,966,2
43,282,970,2
44,282,974,2
45,282,978,2
46,282,982,2
47,280,990,2
48,282,996,2
49,282,1002,2
50,280,1006,2
51,280,1008,2
52,280,1014,2
53,280,1028,2
54,280,1038,2
55,280,1048,2
56,280,1054,2
57,280,1062,2
58,280,1070,2
59,280,1074,2
60,280,1078,2
61,280,1082,2
62,280,1086,2
63,280,1092,2
64,280,1094,2
65,280,1098,2
66,280,1102,2
67,280,1106,2
68,280,1114,2
69,278,1126,2
70,278,1134,2
71,278,1142,2
72,278,1148,2
73,278,1154,2
74,278,1158,2
75,278,1160,2
76,278,1164,2
77,278,1170,2
78,278,1174,2
79,278,1180,2
80,278,1184,2
81,278,1188,2
82,278,1192,2
83,278,1196,2
84,278,1202,2
85,278,1204,2
86,278,1210,2
87,278,1214,2
88,278,1222,2
89,276,1234,2
90,276,1242,2
91,276,1250,2
92,276,1256,2
93,276,1264,2
94,276,1272,2
95,276,1284,2
96,276,1292,2
97,276,1298,2
98,276,1302,2
99,276,1308,2
100,276,1314,2
101,276,1322,2
102,276,1332,2
103,274,1340,2
104,274,1346,2
105,274,1352,2
106,274,1358,2
107,274,1368,2
108,276,1370,2
109,278,1370,2
0,40,442,3
1,40,450,3
2,40,458,3
3,40,462,3
4,40,470,3
5,40,474,3
6,40,482,3
7,40,490,3
8,38,502,3
9,38,510,3
10,38,516,3
11,38,530,3
12,38,540,3
13,38,550,3
14,38,556,3
15,38,566,3
16,38,574,3
17,38,578,3
18,38,582,3
19,38,596,3
20,38,608,3
21,36,626,3
22,36,638,3
23,36,646,3
24,36,658,3
25,36,666,3
26,36,674,3
27,36,684,3
28,36,698,3
29,36,704,3
30,36,710,3
31,36,714,3
32,36,718,3
33,36,724,3
34,36,726,3
35,36,726,3
36,36,732,3
37,36,738,3
38,36,742,3
39,36,750,3
40,36,764,3
41,36,778,3
42,34,790,3
43,34,794,3
44,34,800,3
45,34,806,3
46,34,810,3
47,34,814,3
48,34,818,3
49,34,824,3
50,34,830,3
51,34,838,3
52,34,846,3
53,34,852,3
54,34,864,3
55,34,876,3
56,34,880,3
57,34,884,3
58,34,884,3
59,34,888,3
60,34,898,3
61,34,906,3
62,34,920,3
63,34,934,3
64,32,948,3
65,32,960,3
66,32,972,3
67,32,980,3
68,32,986,3
69,32,990,3
70,32,990,3
71,32,996,3
72,32,1000,3
73,32,1002,3
74,32,1010,3
75,30,1020,3
76,30,1030,3
77,30,1038,3
78,30,1046,3
79,30,1058,3
80,30,1074,3
81,30,1088,3
82,30,1102,3
83,30,1114,3
84,30,1128,3
85,30,1136,3
86,28,1142,3
87,28,1148,3
88,28,1150,3
89,28,1154,3
90,28,1162,3
91,28,1170,3
92,28,1182,3
93,28,1194,3
94,28,1206,3
95,28,1222,3
96,26,1236,3
97,26,1250,3
98,26,1260,3
99,26,1270,3
100,26,1278,3
101,26,1282,3
102,26,1282,3
103,26,1286,3
104,26,1290,3
105,26,1292,3
106,26,1300,3
107,26,1312,3
108,26,1328,3
109,26,1340,3
110,24,1356,3
111,24,1366,3
112,24,1368,3
113,24,1366,3
114,24,1368,3
115,24,1370,3
0,38,534,4
1,38,540,4
2,38,548,4
3,38,552,4
4,38,558,4
5,38,564,4
6,38,572,4
7,38,580,4
8,38,590,4
9,38,598,4
10,38,608,4
11,38,618,4
12,36,628,4
13,36,640,4
14,36,648,4
15,36,656,4
16,36,662,4
17,36,666,4
18,36,674,4
19,36,688,4
20,36,704,4
21,36,718,4
22,36,730,4
23,36,740,4
24,36,752,4
25,34,760,4
26,34,772,4
27,34,780,4
28,34,788,4
29,34,796,4
30,34,804,4
31,34,808,4
32,34,814,4
33,34,814,4
34,34,816,4
35,34,818,4
36,34,822,4
37,34,826,4
38,34,834,4
39,34,842,4
40,34,856,4
41,34,866,4
42,34,878,4
43,34,884,4
44,34,888,4
45,34,892,4
46,34,894,4
47,34,900,4
48,34,906,4
49,34,910,4
50,32,918,4
51,32,926,4
52,32,932,4
53,32,942,4
54,32,952,4
55,32,962,4
56,32,968,4
57,32,970,4
58,32,972,4
59,32,976,4
60,32,982,4
61,32,992,4
62,32,1008,4
63,32,1022,4
64,32,1036,4
65,32,1046,4
66,32,1058,4
67,30,1066,4
68,30,1074,4
69,30,1078,4
70,30,1080,4
71,30,1086,4
72,30,1088,4
73,30,1092,4
74,30,1098,4
75,30,1108,4
76,30,1116,4
77,30,1124,4
78,30,1134,4
79,28,1148,4
80,28,1164,4
81,28,1180,4
82,28,1192,4
83,28,1202,4
84,28,1214,4
85,28,1222,4
86,28,1230,4
87,28,1236,4
88,28,1238,4
89,28,1242,4
90,28,1250,4
91,28,1258,4
92,26,1272,4
93,26,1284,4
94,26,1296,4
95,26,1312,4
96,26,1326,4
97,26,1336,4
98,26,1350,4
99,24,1360,4
100,24,1368,4
101,24,1370,4
102,24,1370,4
103,28,1370,4
9,292,8,5
10,292,18,5
11,292,22,5
12,292,34,5
13,292,32,5
14,292,34,5
15,292,42,5
16,292,48,5
17,292,58,5
18,292,66,5
19,292,74,5
20,292,82,5
21,292,84,5
22,292,88,5
23,292,98,5
24,292,96,5
25,292,110,5
26,292,114,5
27,292,118,5
28,292,134,5
29,292,146,5
30,292,154,5
31,292,170,5
32,290,178,5
33,290,186,5
34,290,188,5
35,290,190,5
36,290,198,5
37,290,204,5
38,290,210,5
39,290,218,5
40,290,224,5
41,290,226,5
42,290,226,5
43,290,232,5
44,290,238,5
45,290,238,5
46,290,258,5
47,290,256,5
48,290,278,5
49,290,270,5
50,290,272,5
51,290,276,5
52,290,280,5
53,290,294,5
54,290,314,5
55,290,322,5
56,290,328,5
57,290,346,5
58,290,348,5
59,290,352,5
60,290,356,5
61,290,360,5
62,290,364,5
63,290,368,5
64,290,374,5
65,290,378,5
66,290,382,5
67,290,390,5
68,290,400,5
69,288,418,5
70,288,428,5
71,288,432,5
72,288,442,5
73,288,446,5
74,288,446,5
75,288,450,5
76,288,458,5
77,288,464,5
78,288,464,5
79,288,478,5
80,288,486,5
81,288,496,5
82,288,498,5
83,288,504,5
84,288,504,5
85,288,508,5
86,288,518,5
87,288,522,5
88,286,534,5
89,286,546,5
90,286,554,5
91,286,560,5
92,286,564,5
93,286,572,5
94,286,584,5
95,286,584,5
96,286,596,5
97,286,600,5
98,286,614,5
99,286,616,5
100,286,622,5
101,286,632,5
102,286,636,5
103,286,648,5
104,286,656,5
105,286,656,5
106,286,666,5
107,286,672,5
108,286,678,5
109,286,684,5
110,286,696,5
111,284,710,5
112,284,726,5
113,284,738,5
114,284,746,5
115,284,744,5
116,284,762,5
117,284,770,5
118,284,778,5
119,284,786,5
120,284,786,5
121,284,794,5
122,284,800,5
123,284,812,5
124,282,826,5
125,282,842,5
126,282,858,5
127,282,872,5
128,282,882,5
129,282,892,5
130,282,906,5
131,282,916,5
132,282,924,5
133,282,932,5
134,282,950,5
135,282,962,5
136,282,964,5
137,282,972,5
138,282,984,5
139,282,996,5
140,282,1010,5
141,282,1018,5
142,282,1022,5
143,280,1030,5
144,280,1038,5
145,280,1044,5
146,280,1048,5
147,280,1052,5
148,280,1064,5
149,280,1072,5
150,280,1084,5
151,280,1096,5
152,280,1108,5
153,280,1124,5
154,280,1136,5
155,278,1150,5
156,278,1158,5
157,278,1166,5
158,278,1172,5
159,278,1202,5
160,278,1210,5
161,278,1206,5
162,278,1228,5
163,278,1234,5
164,278,1240,5
165,278,1246,5
166,276,1252,5
167,276,1260,5
168,276,1266,5
169,276,1270,5
170,276,1276,5
171,276,1278,5
172,276,1282,5
173,276,1286,5
174,276,1294,5
175,276,1298,5
176,276,1304,5
177,276,1316,5
178,276,1336,5
179,274,1354,5
180,274,1368,5
0,608,458,6
1,608,470,6
2,608,482,6
3,606,498,6
4,606,508,6
5,606,522,6
6,606,536,6
7,606,548,6
8,606,558,6
9,606,568,6
10,606,578,6
11,606,590,6
12,606,602,6
13,606,614,6
14,606,622,6
15,606,622,6
16,606,616,6
17,606,600,6
18,606,580,6
19,606,566,6
20,606,550,6
21,606,546,6
22,606,538,6
23,606,530,6
24,606,522,6
25,606,510,6
26,606,502,6
27,606,498,6
28,606,494,6
29,606,486,6
30,606,482,6
31,606,470,6
32,608,458,6
33,608,454,6
34,608,446,6
35,608,434,6
36,608,428,6
37,608,424,6
38,608,418,6
39,608,406,6
40,608,398,6
41,608,394,6
42,608,380,6
43,608,374,6
44,608,370,6
45,608,362,6
46,608,354,6
47,608,344,6
48,608,334,6
49,608,326,6
50,610,314,6
51,610,304,6
52,610,294,6
53,610,284,6
54,610,278,6
55,610,266,6
56,610,266,6
57,610,268,6
58,610,274,6
59,610,308,6
60,610,316,6
61,608,332,6
62,608,342,6
63,608,352,6
64,608,364,6
65,608,374,6
66,608,386,6
67,608,394,6
68,608,404,6
69,608,410,6
70,608,422,6
71,608,432,6
72,608,446,6
73,608,458,6
74,608,466,6
75,608,478,6
76,608,486,6
77,608,498,6
78,606,510,6
79,606,524,6
80,606,534,6
81,606,546,6
82,606,558,6
83,606,572,6
84,606,582,6
85,606,594,6
86,606,606,6
87,606,614,6
88,606,626,6
89,606,634,6
90,606,644,6
91,606,654,6
92,604,668,6
93,604,674,6
94,604,688,6
95,604,698,6
96,604,714,6
97,604,722,6
98,604,736,6
99,604,748,6
100,604,758,6
101,604,770,6
102,604,784,6
103,604,800,6
104,602,812,6
105,602,822,6
106,602,834,6
107,602,846,6
108,602,860,6
109,602,870,6
110,602,882,6
111,602,890,6
112,602,902,6
113,602,912,6
114,602,918,6
115,602,924,6
116,602,936,6
117,602,952,6
118,602,964,6
119,602,976,6
120,600,990,6
121,600,1000,6
122,600,1014,6
123,600,1026,6
124,600,1040,6
125,600,1054,6
126,600,1066,6
127,600,1078,6
128,600,1092,6
129,600,1108,6
130,598,1122,6
131,598,1138,6
132,598,1150,6
133,598,1158,6
134,598,1170,6
135,598,1180,6
136,598,1194,6
137,598,1206,6
138,598,1220,6
139,598,1232,6
140,598,1242,6
141,598,1254,6
142,598,1266,6
143,598,1274,6
144,598,1284,6
145,596,1298,6
146,596,1314,6
147,596,1330,6
148,596,1344,6
149,596,1356,6
150,596,1366,6
0,572,420,7
1,572,438,7
2,572,452,7
3,572,456,7
4,572,474,7
5,572,488,7
6,572,502,7
7,572,512,7
8,570,532,7
9,570,538,7
10,570,546,7
11,570,554,7
12,570,568,7
13,570,586,7
14,570,594,7
15,570,610,7
16,570,622,7
17,570,638,7
18,570,654,7
19,570,664,7
20,570,680,7
21,570,698,7
22,570,704,7
23,568,714,7
24,570,720,7
25,570,726,7
26,568,744,7
27,568,760,7
28,568,770,7
29,568,786,7
30,568,800,7
31,568,814,7
32,568,826,7
33,568,842,7
34,566,856,7
35,566,872,7
36,566,886,7
37,566,898,7
38,566,914,7
39,566,928,7
40,566,938,7
41,566,952,7
42,566,968,7
43,566,976,7
44,566,984,7
45,566,996,7
46,564,1010,7
47,564,1018,7
48,564,1026,7
49,564,1034,7
50,564,1040,7
51,564,1044,7
52,564,1054,7
53,564,1062,7
54,564,1072,7
55,564,1080,7
56,564,1086,7
57,564,1098,7
58,564,1108,7
59,564,1114,7
60,564,1130,7
61,562,1138,7
62,562,1150,7
63,562,1162,7
64,562,1168,7
65,562,1178,7
66,562,1192,7
67,562,1198,7
68,562,1208,7
69,562,1222,7
70,562,1232,7
71,562,1236,7
72,562,1240,7
73,562,1246,7
74,562,1250,7
75,562,1256,7
76,562,1268,7
77,562,1276,7
78,560,1290,7
79,560,1296,7
80,560,1306,7
81,560,1312,7
82,560,1320,7
83,560,1328,7
84,560,1336,7
85,560,1342,7
86,560,1354,7
87,560,1360,7
88,560,1364,7
89,560,1370,7
78,256,6,8
79,256,8,8
80,256,28,8
81,256,42,8
82,256,58,8
83,256,68,8
84,256,78,8
85,256,88,8
86,256,104,8
87,256,120,8
88,256,138,8
89,256,154,8
90,256,170,8
91,256,186,8
92,256,202,8
93,256,216,8
94,256,236,8
95,254,258,8
96,254,274,8
97,254,288,8
98,254,298,8
99,254,310,8
100,254,322,8
101,254,334,8
102,254,354,8
103,254,368,8
104,254,380,8
105,254,388,8
106,254,396,8
107,254,408,8
108,252,424,8
109,252,440,8
110,252,456,8
111,252,468,8
112,252,482,8
113,252,492,8
114,252,504,8
115,252,516,8
116,252,528,8
117,252,536,8
118,252,554,8
119,252,568,8
120,252,576,8
121,250,586,8
122,250,594,8
123,250,606,8
124,250,616,8
125,250,626,8
126,250,640,8
127,250,654,8
128,250,664,8
129,250,674,8
130,250,684,8
131,250,692,8
132,250,704,8
133,250,716,8
134,250,732,8
135,250,744,8
136,250,756,8
137,250,762,8
138,250,772,8
139,250,780,8
140,248,794,8
141,248,808,8
142,248,824,8
143,248,834,8
144,248,846,8
145,248,850,8
146,248,856,8
147,248,864,8
148,248,878,8
149,248,890,8
150,248,906,8
151,248,918,8
152,248,926,8
153,246,936,8
154,246,948,8
155,246,958,8
156,246,974,8
157,246,988,8
158,246,1004,8
159,246,1020,8
160,246,1022,8
161,246,1022,8
162,246,1032,8
163,244,1046,8
164,244,1058,8
165,244,1072,8
166,244,1082,8
167,244,1094,8
168,244,1112,8
169,244,1120,8
170,244,1126,8
171,244,1138,8
172,244,1150,8
173,244,1160,8
174,242,1174,8
175,242,1184,8
176,242,1196,8
177,242,1208,8
178,242,1220,8
179,242,1238,8
180,240,1258,8
0,574,378,9
1,574,396,9
2,574,410,9
3,574,424,9
4,572,436,9
5,572,448,9
6,572,460,9
7,572,474,9
8,572,488,9
9,572,498,9
10,572,502,9
11,572,514,9
12,572,526,9
13,570,544,9
14,570,556,9
15,570,570,9
16,570,582,9
17,570,598,9
18,570,612,9
19,570,626,9
20,570,646,9
21,570,658,9
22,570,666,9
23,570,676,9
24,570,684,9
25,570,696,9
26,570,708,9
27,568,720,9
28,570,732,9
29,570,750,9
30,568,762,9
31,568,774,9
32,568,786,9
33,568,796,9
34,568,804,9
35,568,826,9
36,568,842,9
37,568,856,9
38,568,870,9
39,568,884,9
40,568,898,9
41,566,910,9
42,566,924,9
43,566,940,9
44,566,950,9
45,566,960,9
46,566,972,9
47,566,980,9
48,566,988,9
49,566,996,9
50,566,1002,9
51,566,1006,9
52,566,1014,9
53,566,1024,9
54,566,1034,9
55,566,1044,9
56,566,1052,9
57,566,1062,9
58,564,1068,9
59,564,1078,9
60,564,1090,9
61,564,1100,9
62,564,1110,9
63,564,1120,9
64,564,1130,9
65,564,1142,9
66,564,1152,9
67,564,1162,9
68,562,1172,9
69,562,1184,9
70,562,1192,9
71,562,1198,9
72,562,1204,9
73,562,1210,9
74,562,1216,9
75,562,1220,9
76,562,1230,9
77,562,1240,9
78,562,1252,9
79,562,1260,9
80,562,1266,9
81,562,1272,9
82,560,1282,9
83,560,1290,9
84,560,1298,9
85,560,1304,9
86,560,1316,9
87,560,1324,9
88,560,1332,9
89,560,1340,9
90,560,1348,9
91,560,1354,9
92,560,1360,9
93,560,1370,9
0,1036,178,10
1,1036,180,10
2,1036,190,10
3,1036,202,10
4,1036,218,10
5,1036,230,10
6,1036,240,10
7,1036,240,10
8,1036,254,10
9,1036,258,10
10,1036,282,10
11,1036,292,10
12,1036,304,10
13,1034,322,10
14,1034,338,10
15,1034,354,10
16,1034,362,10
17,1034,370,10
18,1034,372,10
19,1034,402,10
20,1034,402,10
21,1034,410,10
22,1034,410,10
23,1034,416,10
24,1034,424,10
25,1034,420,10
26,1034,436,10
27,1034,442,10
28,1034,460,10
29,1034,466,10
30,1034,482,10
31,1034,492,10
32,1034,498,10
33,1034,496,10
34,1034,502,10
35,1032,518,10
36,1032,528,10
37,1032,532,10
38,1032,546,10
39,1032,546,10
40,1032,554,10
41,1032,560,10
42,1032,568,10
43,1032,580,10
44,1032,592,10
45,1032,602,10
46,1032,608,10
47,1032,618,10
48,1032,628,10
49,1032,644,10
50,1032,658,10
51,1032,658,10
52,1032,666,10
53,1032,668,10
54,1032,674,10
55,1032,688,10
56,1032,694,10
57,1032,706,10
58,1032,714,10
59,1032,722,10
60,1030,730,10
61,1030,730,10
62,1030,738,10
63,1030,738,10
64,1030,732,10
65,1030,742,10
66,1030,742,10
67,1030,750,10
68,1030,762,10
69,1030,766,10
70,1030,774,10
71,1030,782,10
72,1030,788,10
73,1030,802,10
74,1030,824,10
75,1030,834,10
76,1030,836,10
77,1030,844,10
78,1030,852,10
79,1030,864,10
80,1030,870,10
81,1030,880,10
82,1028,892,10
83,1028,900,10
84,1028,898,10
85,1028,898,10
86,1028,902,10
87,1028,906,10
88,1028,906,10
89,1028,914,10
90,1028,922,10
91,1028,934,10
92,1028,948,10
93,1028,952,10
94,1028,960,10
95,1028,972,10
96,1028,978,10
97,1028,982,10
98,1028,982,10
99,1028,986,10
100,1028,988,10
101,1028,990,10
102,1028,990,10
103,1028,998,10
104,1028,1004,10
105,1028,1008,10
106,1028,1026,10
107,1028,1034,10
108,1028,1040,10
109,1026,1056,10
110,1026,1072,10
111,1026,1072,10
112,1026,1082,10
113,1026,1074,10
114,1026,1078,10
115,1026,1090,10
116,1026,1090,10
117,1026,1088,10
118,1026,1110,10
119,1026,1112,10
120,1026,1128,10
121,1026,1146,10
122,1026,1154,10
123,1026,1158,10
124,1026,1160,10
125,1026,1170,10
126,1026,1176,10
127,1026,1182,10
128,1026,1184,10
129,1026,1202,10
130,1026,1214,10
131,1024,1220,10
132,1024,1224,10
133,1024,1230,10
134,1026,1222,10
135,1026,1222,10
136,1026,1222,10
137,1026,1224,10
138,1026,1238,10
139,1024,1256,10
140,1024,1268,10
141,1024,1280,10
142,1024,1290,10
143,1024,1306,10
144,1024,1312,10
145,1026,1324,10
146,1026,1320,10
147,1026,1320,10
148,1026,1332,10
149,1026,1336,10
150,1026,1350,10
151,1026,1362,10
152,1026,1368,10
24,682,6,11
25,682,18,11
26,682,36,11
27,682,46,11
28,682,52,11
29,682,60,11
30,682,66,11
31,682,74,11
32,682,86,11
33,682,100,11
34,682,118,11
35,682,132,11
36,682,148,11
37,682,166,11
38,682,182,11
39,682,198,11
40,682,214,11
41,680,232,11
42,680,248,11
43,680,264,11
44,680,274,11
45,680,278,11
46,680,280,11
47,680,286,11
48,680,296,11
49,680,306,11
50,680,322,11
51,680,342,11
52,680,358,11
53,680,374,11
54,678,396,11
55,678,412,11
56,678,426,11
57,678,430,11
58,678,434,11
59,678,438,11
60,678,442,11
61,678,458,11
62,678,464,11
63,678,482,11
64,678,494,11
65,678,512,11
66,678,530,11
67,678,542,11
68,678,556,11
69,678,570,11
70,678,574,11
71,678,582,11
72,676,590,11
73,678,602,11
74,678,610,11
75,676,620,11
76,676,636,11
77,676,654,11
78,676,670,11
79,676,674,11
80,676,682,11
81,676,690,11
82,676,698,11
83,676,706,11
84,676,714,11
85,676,722,11
86,676,716,11
87,676,724,11
88,676,734,11
89,676,746,11
90,676,756,11
91,676,764,11
92,676,768,11
93,676,770,11
94,676,776,11
95,676,786,11
96,674,780,11
97,676,762,11
98,676,774,11
99,676,788,11
100,676,802,11
101,674,812,11
102,674,816,11
103,674,822,11
104,674,826,11
105,674,834,11
106,674,846,11
107,674,856,11
108,674,866,11
109,674,884,11
110,674,902,11
111,674,916,11
112,672,936,11
113,672,950,11
114,672,958,11
115,672,968,11
116,672,974,11
117,672,978,11
118,672,984,11
119,672,994,11
120,672,1002,11
121,672,1014,11
122,672,1030,11
123,670,1048,11
124,670,1066,11
125,670,1082,11
126,670,1094,11
127,670,1106,11
128,670,1112,11
129,670,1124,11
130,670,1138,11
131,670,1150,11
132,670,1164,11
133,670,1174,11
134,670,1186,11
135,670,1200,11
136,670,1212,11
137,670,1228,11
138,668,1248,11
139,668,1266,11
140,668,1284,11
141,668,1298,11
142,668,1304,11
143,668,1312,11
144,668,1324,11
145,668,1336,11
146,668,1348,11
147,666,1360,11
148,666,1370,11
0,44,86,12
1,42,110,12
2,44,118,12
3,42,134,12
4,44,148,12
5,42,164,12
6,42,178,12
7,42,192,12
8,42,206,12
9,42,220,12
10,42,236,12
11,42,250,12
12,42,266,12
13,42,278,12
14,42,300,12
15,40,306,12
16,40,324,12
17,40,340,12
18,40,354,12
19,40,374,12
20,40,392,12
21,40,410,12
22,40,428,12
23,40,444,12
24,40,462,12
25,40,480,12
26,38,494,12
27,38,508,12
28,38,524,12
29,38,538,12
30,38,548,12
31,38,566,12
32,38,584,12
33,38,596,12
34,38,616,12
35,36,626,12
36,36,642,12
37,36,660,12
38,36,672,12
39,36,690,12
40,36,708,12
41,36,724,12
42,36,738,12
43,36,752,12
44,36,764,12
45,34,770,12
46,34,774,12
47,34,780,12
48,34,786,12
49,34,794,12
50,34,798,12
51,34,806,12
52,34,810,12
53,34,822,12
54,34,832,12
55,34,840,12
56,34,846,12
57,34,850,12
58,34,852,12
59,34,856,12
60,34,866,12
61,34,876,12
62,34,888,12
63,34,902,12
64,34,914,12
65,32,926,12
66,32,936,12
67,32,946,12
68,32,950,12
69,32,956,12
70,32,958,12
71,32,962,12
72,32,964,12
73,32,968,12
74,32,976,12
75,32,984,12
76,32,996,12
77,32,1002,12
78,32,1010,12
79,32,1022,12
80,30,1042,12
81,30,1056,12
82,30,1068,12
83,30,1080,12
84,30,1090,12
85,30,1098,12
86,30,1106,12
87,30,1114,12
88,30,1118,12
89,28,1126,12
90,30,1130,12
91,30,1138,12
92,28,1152,12
93,28,1164,12
94,28,1174,12
95,28,1188,12
96,28,1202,12
97,28,1216,12
98,28,1226,12
99,26,1238,12
100,26,1246,12
101,26,1250,12
102,26,1250,12
103,26,1258,12
104,26,1262,12
105,26,1264,12
106,26,1266,12
107,26,1280,12
108,26,1296,12
109,26,1308,12
110,24,1320,12
111,24,1330,12
112,24,1334,12
113,24,1336,12
114,24,1340,12
115,24,1344,12
116,24,1346,12
117,24,1360,12
118,24,1370,12
119,24,1370,12
0,570,674,13
1,568,690,13
2,568,702,13
3,568,714,13
4,570,724,13
5,570,738,13
6,568,750,13
7,570,758,13
8,568,774,13
9,566,788,13
10,568,800,13
11,568,808,13
12,568,816,13
13,568,832,13
14,566,846,13
15,566,862,13
16,566,870,13
17,568,878,13
18,568,882,13
19,566,898,13
20,566,910,13
21,566,920,13
22,566,930,13
23,566,940,13
24,566,948,13
25,566,946,13
26,566,952,13
27,566,960,13
28,566,970,13
29,566,980,13
30,566,992,13
31,564,994,13
32,566,1016,13
33,564,1026,13
34,564,1034,13
35,564,1050,13
36,564,1058,13
37,564,1060,13
38,564,1064,13
39,564,1074,13
40,564,1086,13
41,564,1102,13
42,564,1114,13
43,564,1122,13
44,564,1122,13
45,564,1128,13
46,564,1130,13
47,564,1136,13
48,566,1144,13
49,564,1162,13
50,564,1166,13
51,564,1170,13
52,564,1168,13
53,564,1170,13
54,562,1172,13
55,562,1180,13
56,562,1192,13
57,562,1208,13
58,564,1220,13
59,562,1246,13
60,562,1254,13
61,562,1264,13
62,560,1276,13
63,560,1286,13
64,560,1300,13
65,560,1310,13
66,560,1318,13
67,560,1326,13
68,560,1340,13
69,560,1348,13
70,560,1356,13
71,560,1358,13
72,560,1362,13
73,560,1368,13
0,286,652,14
1,284,678,14
2,286,674,14
3,286,682,14
4,284,690,14
5,284,702,14
6,284,706,14
7,284,716,14
8,284,730,14
9,284,740,14
10,284,744,14
11,284,762,14
12,284,760,14
13,284,772,14
14,284,764,14
15,284,772,14
16,284,786,14
17,284,794,14
18,282,802,14
19,282,814,14
20,282,818,14
21,282,830,14
22,282,834,14
23,282,842,14
24,282,846,14
25,282,850,14
26,282,850,14
27,282,850,14
28,282,858,14
29,282,858,14
30,282,868,14
31,282,874,14
32,282,876,14
33,282,894,14
34,282,884,14
35,282,898,14
36,282,892,14
37,282,894,14
38,282,914,14
39,282,908,14
40,282,916,14
41,282,918,14
42,282,922,14
43,282,914,14
44,282,930,14
45,282,938,14
46,282,946,14
47,282,946,14
48,282,954,14
49,280,966,14
50,282,948,14
51,282,954,14
52,282,968,14
53,280,988,14
54,280,1002,14
55,280,1010,14
56,280,1016,14
57,280,1020,14
58,280,1034,14
59,280,1038,14
60,280,1042,14
61,280,1044,14
62,280,1040,14
63,280,1052,14
64,280,1048,14
65,280,1044,14
66,280,1062,14
67,280,1068,14
68,280,1078,14
69,280,1094,14
70,278,1102,14
71,278,1106,14
72,278,1114,14
73,278,1118,14
74,278,1124,14
75,278,1126,14
76,280,1108,14
77,278,1138,14
78,278,1138,14
79,278,1142,14
80,278,1148,14
81,278,1154,14
82,278,1156,14
83,278,1162,14
84,278,1162,14
85,278,1172,14
86,278,1166,14
87,278,1178,14
88,278,1182,14
89,278,1194,14
90,278,1202,14
91,278,1218,14
92,278,1224,14
93,278,1226,14
94,276,1238,14
95,276,1248,14
96,276,1258,14
97,276,1264,14
98,276,1270,14
99,276,1258,14
100,276,1260,14
101,276,1270,14
102,276,1280,14
103,276,1296,14
104,276,1314,14
105,276,1322,14
106,274,1326,14
107,274,1332,14
108,274,1342,14
109,274,1336,14
110,274,1354,14
111,274,1368,14
112,274,1356,14
113,274,1368,14
13,82,4,15
14,82,16,15
15,80,32,15
16,78,46,15
17,78,62,15
18,78,76,15
19,78,92,15
20,78,108,15
21,78,124,15
22,78,140,15
23,78,154,15
24,78,168,15
25,78,184,15
26,78,202,15
27,78,218,15
28,78,232,15
29,78,248,15
30,78,264,15
31,78,278,15
32,76,292,15
33,76,306,15
34,76,322,15
35,76,336,15
36,76,352,15
37,76,364,15
38,76,376,15
39,76,392,15
40,76,408,15
41,76,420,15
42,76,440,15
43,76,454,15
44,74,470,15
45,74,484,15
46,74,500,15
47,74,518,15
48,74,534,15
49,74,552,15
50,74,568,15
51,74,584,15
52,74,598,15
53,72,614,15
54,72,630,15
55,72,644,15
56,72,662,15
57,72,676,15
58,72,690,15
59,72,708,15
60,72,722,15
61,72,738,15
62,70,754,15
63,70,766,15
64,70,780,15
65,70,794,15
66,70,810,15
67,70,826,15
68,70,840,15
69,70,854,15
70,70,868,15
71,68,886,15
72,68,900,15
73,68,916,15
74,68,932,15
75,68,948,15
76,68,960,15
77,68,970,15
78,68,982,15
79,68,994,15
80,68,1010,15
81,66,1026,15
82,66,1044,15
83,66,1060,15
84,66,1076,15
85,66,1088,15
86,66,1106,15
87,66,1122,15
88,64,1138,15
89,64,1156,15
90,64,1172,15
91,64,1186,15
92,64,1200,15
93,64,1214,15
94,64,1230,15
95,62,1248,15
96,62,1262,15
97,62,1278,15
98,62,1294,15
99,62,1306,15
100,62,1322,15
101,62,1334,15
102,60,1346,15
103,60,1364,15
28,824,4,16
29,824,18,16
30,824,38,16
31,824,48,16
32,824,58,16
33,824,64,16
34,824,72,16
35,824,90,16
36,824,106,16
37,822,122,16
38,824,138,16
39,822,152,16
40,822,166,16
41,822,190,16
42,822,202,16
43,822,214,16
44,822,226,16
45,822,232,16
46,822,238,16
47,822,246,16
48,822,258,16
49,822,266,16
50,822,280,16
51,822,296,16
52,822,310,16
53,822,326,16
54,822,342,16
55,822,360,16
56,822,372,16
57,820,386,16
58,822,398,16
59,820,408,16
60,820,412,16
61,820,438,16
62,820,448,16
63,820,466,16
64,820,482,16
65,820,496,16
66,820,518,16
67,820,536,16
68,820,554,16
69,820,570,16
70,818,586,16
71,818,602,16
72,818,618,16
73,818,630,16
74,818,638,16
75,818,648,16
76,818,666,16
77,818,682,16
78,818,698,16
79,818,710,16
80,818,730,16
81,818,748,16
82,818,764,16
83,816,782,16
84,816,800,16
85,816,816,16
86,816,826,16
87,816,830,16
88,816,838,16
89,816,854,16
90,816,866,16
91,816,878,16
92,816,890,16
93,816,902,16
94,814,908,16
95,814,916,16
96,814,924,16
97,814,930,16
98,814,942,16
99,814,960,16
100,814,974,16
101,814,986,16
102,814,1002,16
103,814,1018,16
104,814,1024,16
105,814,1028,16
106,814,1042,16
107,814,1046,16
108,814,1058,16
109,814,1070,16
110,814,1086,16
111,812,1100,16
112,812,1116,16
113,812,1130,16
114,812,1146,16
115,812,1162,16
116,812,1170,16
117,812,1178,16
118,812,1186,16
119,812,1196,16
120,812,1206,16
121,810,1222,16
122,810,1238,16
123,810,1250,16
124,810,1264,16
125,810,1280,16
126,810,1298,16
127,810,1312,16
128,810,1322,16
129,810,1330,16
130,810,1334,16
131,810,1346,16
132,810,1354,16
133,808,1368,16
0,38,498,17
1,38,502,17
2,38,508,17
3,38,512,17
4,38,518,17
5,38,520,17
6,38,530,17
7,38,536,17
8,38,544,17
9,38,556,17
10,38,564,17
11,36,586,17
12,36,594,17
13,36,604,17
14,36,618,17
15,36,626,17
16,36,628,17
17,36,634,17
18,36,642,17
19,36,654,17
20,36,666,17
21,36,686,17
22,36,694,17
23,36,706,17
24,36,712,17
25,36,722,17
26,34,734,17
27,34,740,17
28,34,754,17
29,34,762,17
30,34,770,17
31,34,774,17
32,34,778,17
33,34,778,17
34,34,780,17
35,34,782,17
36,34,774,17
37,34,778,17
38,34,784,17
39,34,810,17
40,34,818,17
41,34,834,17
42,34,840,17
43,34,840,17
44,34,850,17
45,34,844,17
46,34,862,17
47,34,862,17
48,34,860,17
49,32,878,17
50,34,870,17
51,34,876,17
52,32,898,17
53,32,906,17
54,32,916,17
55,32,926,17
56,32,924,17
57,32,938,17
58,32,924,17
59,32,946,17
60,32,936,17
61,32,954,17
62,32,974,17
63,32,986,17
64,30,1002,17
65,30,1010,17
66,30,1018,17
67,30,1028,17
68,30,1034,17
69,30,1040,17
70,30,1042,17
71,30,1050,17
72,30,1054,17
73,30,1058,17
74,30,1066,17
75,30,1074,17
76,30,1082,17
77,30,1090,17
78,30,1098,17
79,30,1106,17
80,30,1120,17
81,30,1138,17
82,28,1154,17
83,28,1162,17
84,28,1172,17
85,28,1180,17
86,28,1186,17
87,28,1192,17
88,28,1202,17
89,28,1200,17
90,28,1208,17
91,28,1218,17
92,28,1228,17
93,26,1242,17
94,26,1258,17
95,26,1274,17
96,26,1288,17
97,26,1298,17
98,26,1310,17
99,26,1316,17
100,26,1322,17
101,26,1326,17
102,26,1326,17
103,26,1328,17
104,26,1332,17
105,26,1332,17
106,26,1340,17
107,26,1354,17
108,24,1368,17
49,364,4,18
50,364,8,18
51,364,22,18
52,364,36,18
53,364,50,18
54,364,60,18
55,364,72,18
56,364,86,18
57,364,104,18
58,364,124,18
59,364,136,18
60,362,154,18
61,362,158,18
62,362,166,18
63,362,186,18
64,362,200,18
65,362,218,18
66,362,230,18
67,362,250,18
68,362,262,18
69,362,278,18
70,362,296,18
71,360,310,18
72,362,322,18
73,360,330,18
74,360,346,18
75,360,366,18
76,360,386,18
77,360,394,18
78,360,404,18
79,360,424,18
80,360,436,18
81,360,434,18
82,360,434,18
83,360,442,18
84,360,442,18
85,360,442,18
86,360,442,18
87,360,426,18
88,360,418,18
89,360,412,18
90,360,410,18
91,360,398,18
92,360,402,18
93,360,402,18
94,360,398,18
95,360,398,18
96,360,404,18
97,360,406,18
98,360,410,18
99,360,436,18
100,360,450,18
101,358,462,18
102,358,474,18
103,358,490,18
104,358,506,18
105,358,520,18
106,358,534,18
107,358,544,18
108,358,558,18
109,358,572,18
110,358,590,18
111,358,598,18
112,358,608,18
113,358,616,18
114,356,634,18
115,356,646,18
116,356,652,18
117,356,664,18
118,356,676,18
119,356,694,18
120,356,712,18
121,356,726,18
122,356,740,18
123,356,752,18
124,356,774,18
125,354,794,18
126,354,810,18
127,354,814,18
128,354,820,18
129,354,842,18
130,354,856,18
131,354,874,18
132,354,884,18
133,354,892,18
134,354,910,18
135,354,924,18
136,354,936,18
137,354,948,18
138,354,968,18
139,354,984,18
140,352,994,18
141,352,1002,18
142,352,1014,18
143,352,1028,18
144,352,1044,18
145,352,1060,18
146,352,1076,18
147,352,1088,18
148,350,1106,18
149,350,1114,18
150,350,1124,18
151,350,1142,18
152,350,1152,18
153,350,1160,18
154,350,1174,18
155,350,1184,18
156,350,1194,18
157,350,1204,18
158,350,1216,18
159,348,1246,18
160,348,1248,18
161,348,1252,18
162,348,1264,18
163,348,1276,18
164,348,1284,18
165,348,1292,18
166,348,1312,18
167,348,1326,18
168,346,1330,18
169,346,1330,18
170,346,1330,18
171,346,1334,18
172,348,1328,18
173,346,1332,18
174,346,1334,18
175,346,1334,18
176,346,1332,18
177,346,1334,18
178,346,1330,18
179,346,1330,18
180,346,1326,18
108,256,6,19
109,256,14,19
110,256,24,19
111,256,36,19
112,256,46,19
113,256,54,19
114,256,64,19
115,256,72,19
116,256,82,19
117,256,98,19
118,256,108,19
119,256,118,19
120,256,128,19
121,256,138,19
122,256,148,19
123,256,158,19
124,256,170,19
125,256,180,19
126,256,190,19
127,256,200,19
128,256,212,19
129,256,220,19
130,254,230,19
131,256,238,19
132,256,248,19
133,254,260,19
134,256,268,19
135,256,278,19
136,256,288,19
137,256,298,19
138,256,310,19
139,254,322,19
140,254,334,19
141,254,346,19
142,254,358,19
143,254,368,19
144,254,380,19
145,254,390,19
146,254,398,19
147,254,410,19
148,254,420,19
149,254,432,19
150,254,444,19
151,252,458,19
152,252,466,19
153,252,474,19
154,252,486,19
155,252,498,19
156,252,508,19
157,252,518,19
158,252,528,19
159,252,552,19
160,252,554,19
161,252,556,19
162,252,566,19
163,252,576,19
164,252,590,19
165,252,600,19
166,250,610,19
167,250,622,19
168,250,634,19
169,250,642,19
170,250,650,19
171,250,662,19
172,250,670,19
173,250,682,19
174,250,694,19
175,250,706,19
176,250,718,19
177,250,732,19
178,250,742,19
179,248,756,19
180,248,764,19
0,538,238,20
1,538,214,20
2,540,202,20
3,540,182,20
4,540,176,20
5,540,156,20
6,540,146,20
7,540,134,20
8,540,128,20
9,540,108,20
10,540,94,20
11,540,78,20
12,540,70,20
13,540,58,20
14,540,46,20
15,540,34,20
16,540,26,20
17,542,12,20
18,542,8,20
19,540,22,20
20,540,28,20
21,540,60,20
22,540,78,20
23,540,92,20
24,540,96,20
25,540,88,20
26,540,90,20
27,540,70,20
28,540,62,20
29,540,50,20
30,540,44,20
31,540,24,20
32,540,36,20
33,540,42,20
34,540,68,20
35,540,80,20
36,540,90,20
37,540,94,20
38,540,98,20
39,540,80,20
40,540,68,20
41,540,50,20
42,540,44,20
43,540,38,20
44,542,26,20
45,542,26,20
46,542,24,20
47,542,54,20
48,540,64,20
49,540,82,20
50,540,96,20
51,540,106,20
52,540,122,20
53,540,136,20
54,540,132,20
55,540,134,20
56,540,124,20
57,540,96,20
58,540,86,20
59,540,68,20
60,542,44,20
61,540,42,20
62,540,38,20
63,540,42,20
64,540,58,20
65,540,68,20
66,540,78,20
67,540,98,20
68,540,114,20
69,540,134,20
70,540,148,20
71,540,160,20
72,540,182,20
73,540,188,20
74,540,194,20
75,540,198,20
76,540,198,20
77,538,202,20
78,540,208,20
79,538,186,20
80,540,168,20
81,540,146,20
82,540,136,20
83,540,140,20
84,540,148,20
85,538,162,20
86,540,174,20
87,538,188,20
88,538,206,20
89,538,230,20
90,538,246,20
91,538,258,20
92,538,266,20
93,538,282,20
94,538,284,20
95,538,282,20
96,538,290,20
97,538,298,20
98,538,300,20
99,538,298,20
100,538,270,20
101,538,258,20
102,538,246,20
103,538,226,20
104,540,214,20
105,540,200,20
106,540,196,20
107,540,204,20
108,540,214,20
109,540,230,20
110,538,242,20
111,538,266,20
112,538,282,20
113,538,288,20
114,538,290,20
115,538,282,20
116,538,272,20
117,538,262,20
118,538,246,20
119,538,238,20
120,538,226,20
121,538,226,20
122,538,228,20
123,538,242,20
124,538,250,20
125,538,268,20
126,538,278,20
127,538,294,20
128,538,314,20
129,538,316,20
130,538,342,20
131,538,354,20
132,538,366,20
133,538,378,20
134,538,390,20
135,538,402,20
136,538,398,20
137,538,402,20
138,538,402,20
139,538,400,20
140,538,418,20
141,538,430,20
142,538,438,20
143,538,444,20
144,538,458,20
145,536,474,20
146,536,490,20
147,536,498,20
148,536,502,20
149,536,502,20
150,536,498,20
151,536,490,20
152,536,502,20
153,536,514,20
154,536,526,20
155,536,534,20
156,536,550,20
157,536,562,20
158,536,560,20
159,536,556,20
160,536,556,20
161,536,556,20
162,536,572,20
163,536,584,20
164,536,596,20
165,536,612,20
166,536,622,20
167,534,634,20
168,534,644,20
169,534,642,20
170,534,634,20
171,534,628,20
172,534,638,20
173,534,654,20
174,534,670,20
175,534,686,20
176,534,698,20
177,534,718,20
178,534,726,20
179,534,740,20
180,534,728,20
10,400,10,21
11,400,24,21
12,398,44,21
13,398,62,21
14,398,78,21
15,398,94,21
16,398,114,21
17,398,134,21
18,398,154,21
19,398,174,21
20,398,190,21
21,398,208,21
22,396,228,21
23,396,240,21
24,396,254,21
25,396,266,21
26,396,282,21
27,396,296,21
28,396,310,21
29,396,322,21
30,396,338,21
31,396,354,21
32,396,366,21
33,396,382,21
34,396,394,21
35,396,406,21
36,394,420,21
37,394,434,21
38,394,450,21
39,394,466,21
40,394,484,21
41,394,502,21
42,394,518,21
43,394,536,21
44,394,552,21
45,392,570,21
46,392,584,21
47,392,602,21
48,392,616,21
49,392,636,21
50,392,656,21
51,392,670,21
52,392,686,21
53,392,706,21
54,392,720,21
55,390,736,21
56,390,748,21
57,390,762,21
58,390,774,21
59,390,786,21
60,390,796,21
61,390,812,21
62,390,828,21
63,390,842,21
64,390,854,21
65,390,868,21
66,390,884,21
67,390,900,21
68,388,918,21
69,388,934,21
70,388,952,21
71,388,966,21
72,388,982,21
73,388,1000,21
74,388,1014,21
75,386,1030,21
76,386,1042,21
77,388,1052,21
78,386,1068,21
79,386,1082,21
80,386,1098,21
81,386,1112,21
82,386,1128,21
83,386,1138,21
84,386,1154,21
85,386,1172,21
86,386,1190,21
87,384,1206,21
88,384,1218,21
89,384,1230,21
90,384,1242,21
91,384,1260,21
92,384,1276,21
93,384,1292,21
94,382,1310,21
95,382,1324,21
96,382,1338,21
97,382,1354,21
98,382,1366,21
41,470,8,22
42,470,22,22
43,470,32,22
44,470,32,22
45,470,64,22
46,470,68,22
47,470,94,22
48,470,106,22
49,470,116,22
50,470,130,22
51,470,136,22
52,470,144,22
53,468,174,22
54,468,198,22
55,468,212,22
56,468,226,22
57,468,246,22
58,468,266,22
59,468,276,22
60,468,294,22
61,468,314,22
62,468,320,22
63,468,334,22
64,466,348,22
65,466,358,22
66,466,368,22
67,466,386,22
68,466,396,22
69,466,410,22
70,466,426,22
71,466,442,22
72,466,440,22
73,466,458,22
74,466,452,22
75,466,464,22
76,466,476,22
77,466,486,22
78,466,496,22
79,466,502,22
80,466,522,22
81,464,532,22
82,464,536,22
83,464,546,22
84,464,550,22
85,464,548,22
86,464,568,22
87,464,580,22
88,464,590,22
89,464,600,22
90,464,610,22
91,464,624,22
92,464,634,22
93,464,642,22
94,464,650,22
95,462,664,22
96,462,674,22
97,462,682,22
98,462,692,22
99,462,706,22
100,462,714,22
101,462,724,22
102,462,734,22
103,462,754,22
104,462,762,22
105,462,770,22
106,462,774,22
107,462,802,22
108,462,798,22
109,462,822,22
110,460,834,22
111,460,846,22
112,460,856,22
113,460,870,22
114,460,882,22
115,460,886,22
116,460,890,22
117,460,906,22
118,460,922,22
119,460,938,22
120,460,946,22
121,460,950,22
122,458,958,22
123,458,974,22
124,458,986,22
125,458,998,22
126,458,1012,22
127,458,1022,22
128,458,1024,22
129,458,1038,22
130,458,1052,22
131,458,1074,22
132,458,1086,22
133,458,1100,22
134,458,1120,22
135,458,1128,22
136,458,1144,22
137,456,1174,22
138,456,1194,22
139,456,1204,22
140,456,1218,22
141,456,1228,22
142,456,1248,22
143,456,1266,22
144,454,1292,22
145,454,1306,22
146,454,1322,22
147,454,1338,22
148,454,1352,22
149,454,1362,22
139,826,8,23
140,826,10,23
141,826,16,23
142,826,24,23
143,826,34,23
144,826,48,23
145,824,64,23
146,824,72,23
147,824,82,23
148,824,88,23
149,824,92,23
150,824,102,23
151,824,106,23
152,824,114,23
153,824,122,23
154,824,130,23
155,824,142,23
156,824,152,23
157,824,162,23
158,824,170,23
159,824,186,23
160,824,190,23
161,824,190,23
162,824,196,23
163,824,204,23
164,824,214,23
165,824,226,23
166,822,238,23
167,822,250,23
168,822,254,23
169,822,266,23
170,822,274,23
171,822,286,23
172,822,294,23
173,822,308,23
174,822,314,23
175,822,318,23
176,822,326,23
177,822,338,23
178,822,340,23
179,822,356,23
180,822,368,23
0,964,248,24
1,964,264,24
2,964,272,24
3,964,272,24
4,964,274,24
5,964,282,24
6,964,292,24
7,964,306,24
8,964,298,24
9,964,304,24
10,964,310,24
11,964,322,24
12,964,334,24
13,964,347,24
14,963,362,24
15,962,358,24
16,964,367,24
17,964,368,24
18,963,374,24
19,962,382,24
20,962,404,24
21,962,418,24
22,962,422,24
23,962,426,24
24,962,410,24
25,962,430,24
26,962,424,24
27,962,438,24
28,962,448,24
29,962,458,24
30,962,482,24
31,962,460,24
32,962,488,24
33,962,472,24
34,962,482,24
35,962,490,24
36,962,510,24
37,962,508,24
38,962,522,24
39,962,536,24
40,962,540,24
41,962,550,24
42,962,558,24
43,962,562,24
44,962,570,24
45,962,576,24
46,962,578,24
47,962,586,24
48,962,602,24
49,962,598,24
50,962,608,24
51,962,626,24
52,960,640,24
53,960,644,24
54,960,644,24
55,960,650,24
56,960,652,24
57,960,664,24
58,960,674,24
59,960,678,24
60,960,684,24
61,960,702,24
62,960,698,24
63,960,700,24
64,960,714,24
65,960,720,24
66,960,732,24
67,960,736,24
68,960,748,24
69,960,760,24
70,960,758,24
71,960,762,24
72,960,772,24
73,958,804,24
74,958,796,24
75,958,820,24
76,958,822,24
77,958,806,24
78,958,816,24
79,958,824,24
80,958,832,24
81,958,858,24
82,958,850,24
83,958,864,24
84,958,876,24
85,958,898,24
86,958,900,24
87,958,898,24
88,958,906,24
89,958,912,24
90,958,912,24
91,958,922,24
92,956,950,24
93,956,962,24
94,956,952,24
95,956,970,24
96,956,968,24
97,956,972,24
98,956,978,24
99,956,986,24
100,956,994,24
101,956,1008,24
102,956,1016,24
103,956,1026,24
104,956,1028,24
105,956,1032,24
106,956,1042,24
107,956,1054,24
108,956,1064,24
109,956,1076,24
110,956,1082,24
111,956,1070,24
112,956,1074,24
113,954,1076,24
114,954,1102,24
115,954,1094,24
116,954,1118,24
117,954,1110,24
118,954,1138,24
119,954,1132,24
120,954,1144,24
121,954,1152,24
122,954,1164,24
123,954,1172,24
124,954,1186,24
125,954,1200,24
126,954,1214,24
127,954,1214,24
128,954,1214,24
129,954,1214,24
130,954,1218,24
131,954,1226,24
132,954,1240,24
133,954,1252,24
134,954,1256,24
135,954,1256,24
136,954,1260,24
137,954,1260,24
138,954,1272,24
139,952,1298,24
140,954,1298,24
141,954,1304,24
142,952,1324,24
143,952,1322,24
144,952,1324,24
145,952,1338,24
146,954,1338,24
147,954,1350,24
148,954,1362,24
149,954,1370,24
150,954,1370,24
151,954,1368,24
66,718,4,25
67,718,14,25
68,718,26,25
69,718,44,25
70,718,58,25
71,718,74,25
72,718,88,25
73,718,106,25
74,718,120,25
75,718,132,25
76,716,148,25
77,716,164,25
78,716,180,25
79,716,192,25
80,716,208,25
81,716,220,25
82,716,234,25
83,716,250,25
84,716,266,25
85,716,284,25
86,716,298,25
87,716,314,25
88,714,328,25
89,714,344,25
90,714,364,25
91,714,376,25
92,714,392,25
93,714,404,25
94,714,418,25
95,714,432,25
96,714,448,25
97,714,464,25
98,714,480,25
99,714,498,25
100,714,512,25
101,714,524,25
102,712,540,25
103,712,554,25
104,712,568,25
105,712,584,25
106,712,600,25
107,712,616,25
108,712,632,25
109,712,650,25
110,712,664,25
111,712,680,25
112,710,698,25
113,710,710,25
114,710,726,25
115,710,742,25
116,710,758,25
117,710,774,25
118,710,788,25
119,710,806,25
120,710,822,25
121,710,838,25
122,710,854,25
123,710,870,25
124,708,888,25
125,708,906,25
126,708,922,25
127,708,934,25
128,708,948,25
129,708,962,25
130,708,978,25
131,708,992,25
132,708,1008,25
133,708,1020,25
134,708,1036,25
135,708,1052,25
136,708,1066,25
137,706,1086,25
138,706,1100,25
139,706,1114,25
140,706,1130,25
141,706,1144,25
142,706,1162,25
143,706,1174,25
144,706,1192,25
145,704,1210,25
146,704,1224,25
147,704,1240,25
148,704,1254,25
149,704,1270,25
150,704,1282,25
151,704,1300,25
152,704,1310,25
153,704,1326,25
154,702,1342,25
155,702,1354,25
156,702,1368,25
143,826,4,26
144,826,12,26
145,826,24,26
146,826,32,26
147,824,40,26
148,824,48,26
149,824,56,26
150,824,64,26
151,824,72,26
152,824,76,26
153,824,84,26
154,824,94,26
155,824,104,26
156,824,116,26
157,824,126,26
158,824,134,26
159,824,150,26
160,824,152,26
161,824,154,26
162,824,162,26
163,824,170,26
164,824,176,26
165,824,190,26
166,822,204,26
167,822,212,26
168,824,220,26
169,824,228,26
170,822,238,26
171,822,250,26
172,822,258,26
173,822,268,26
174,822,276,26
175,822,284,26
176,822,292,26
177,822,302,26
178,822,310,26
179,822,320,26
180,822,336,26
109,788,4,27
110,788,10,27
111,790,14,27
112,790,24,27
113,788,40,27
114,788,54,27
115,788,66,27
116,788,80,27
117,788,90,27
118,788,94,27
119,788,98,27
120,788,106,27
121,788,120,27
122,788,134,27
123,788,148,27
124,788,160,27
125,788,172,27
126,788,182,27
127,788,190,27
128,788,200,27
129,788,206,27
130,788,216,27
131,788,232,27
132,788,246,27
133,786,266,27
134,788,274,27
135,788,284,27
136,788,294,27
137,786,310,27
138,786,322,27
139,786,338,27
140,786,354,27
141,786,366,27
142,786,378,27
143,786,382,27
144,786,386,27
145,786,398,27
146,786,410,27
147,786,426,27
148,786,440,27
149,786,452,27
150,786,462,27
151,786,472,27
152,786,478,27
153,786,488,27
154,784,500,27
155,784,514,27
156,784,528,27
157,784,544,27
158,784,556,27
159,784,576,27
160,784,578,27
161,784,582,27
162,784,598,27
163,784,612,27
164,784,626,27
165,784,644,27
166,784,656,27
167,784,670,27
168,782,682,27
169,782,688,27
170,782,694,27
171,782,710,27
172,782,722,27
173,782,738,27
174,782,752,27
175,782,768,27
176,782,778,27
177,782,790,27
178,780,804,27
179,780,812,27
180,780,824,27
0,352,996,28
1,352,1016,28
2,352,1032,28
3,352,1048,28
4,352,1070,28
5,350,1086,28
6,350,1104,28
7,350,1122,28
8,350,1140,28
9,350,1160,28
10,350,1178,28
11,348,1194,28
12,348,1210,28
13,348,1224,28
14,348,1236,28
15,348,1252,28
16,348,1270,28
17,348,1288,28
18,346,1304,28
19,346,1324,28
20,346,1340,28
21,346,1354,28
22,346,1368,28
23,346,1368,28
24,346,1368,28
25,346,1368,28
26,346,1368,28
27,346,1368,28
28,346,1368,28
29,346,1364,28
30,346,1362,28
31,346,1364,28
32,346,1360,28
33,346,1350,28
34,346,1330,28
35,346,1310,28
36,346,1292,28
37,346,1278,28
38,348,1258,28
39,348,1240,28
40,348,1224,28
41,348,1204,28
42,350,1190,28
43,350,1174,28
44,350,1156,28
45,350,1138,28
46,350,1120,28
47,350,1104,28
48,350,1086,28
49,352,1060,28
50,352,1038,28
51,352,1024,28
52,352,1006,28
53,352,986,28
54,352,966,28
55,352,948,28
56,352,928,28
57,354,910,28
58,354,888,28
59,354,868,28
60,354,846,28
61,354,832,28
62,354,810,28
63,354,794,28
64,354,770,28
65,356,748,28
66,356,736,28
67,356,712,28
68,356,696,28
69,356,678,28
70,356,656,28
71,356,638,28
72,358,622,28
73,358,602,28
74,358,582,28
75,358,570,28
76,358,554,28
77,358,530,28
78,358,508,28
79,358,492,28
80,358,478,28
81,360,472,28
82,358,474,28
83,358,476,28
84,360,476,28
85,358,478,28
86,360,470,28
87,358,466,28
88,360,456,28
89,360,448,28
90,360,442,28
91,360,434,28
92,360,434,28
93,360,432,28
94,360,430,28
95,360,428,28
96,360,430,28
97,360,434,28
98,360,450,28
99,358,468,28
100,358,484,28
101,358,498,28
102,358,518,28
103,358,536,28
104,358,552,28
105,358,568,28
106,358,586,28
107,358,604,28
108,358,624,28
109,356,646,28
110,356,660,28
111,356,676,28
112,356,692,28
113,356,708,28
114,356,728,28
115,356,744,28
116,354,764,28
117,354,780,28
118,354,802,28
119,354,820,28
120,354,844,28
121,354,860,28
122,354,878,28
123,354,896,28
124,354,910,28
125,354,930,28
126,352,944,28
127,352,956,28
128,352,980,28
129,352,1000,28
130,352,1014,28
131,352,1032,28
132,352,1046,28
133,350,1066,28
134,352,1084,28
135,350,1102,28
136,350,1122,28
137,350,1138,28
138,350,1154,28
139,350,1174,28
140,350,1190,28
141,350,1198,28
142,350,1214,28
143,348,1234,28
144,348,1252,28
145,348,1272,28
146,348,1292,28
147,348,1310,28
148,346,1330,28
149,346,1340,28
150,346,1354,28
151,346,1364,28
152,346,1368,28
153,346,1366,28
154,346,1366,28
155,346,1366,28
156,346,1368,28
157,346,1368,28
158,346,1368,28
159,346,1356,28
160,346,1350,28
161,346,1346,28
162,346,1328,28
163,346,1316,28
164,346,1322,28
165,346,1330,28
166,346,1346,28
167,346,1360,28
168,346,1362,28
169,346,1362,28
170,346,1362,28
171,346,1362,28
172,346,1362,28
173,346,1364,28
174,346,1362,28
175,346,1362,28
176,346,1360,28
177,346,1360,28
178,346,1362,28
179,346,1360,28
180,346,1352,28
33,1002,4,29
34,1002,8,29
35,1002,26,29
36,1002,44,29
37,1002,52,29
38,1002,60,29
39,1002,78,29
40,1002,86,29
41,1002,100,29
42,1002,114,29
43,1002,120,29
44,1002,124,29
45,1002,132,29
46,1002,140,29
47,1002,160,29
48,1000,186,29
49,1000,192,29
50,1000,204,29
51,1000,216,29
52,1000,230,29
53,1000,246,29
54,1000,250,29
55,1000,256,29
56,1000,274,29
57,1000,288,29
58,1000,298,29
59,1000,314,29
60,1000,328,29
61,1000,332,29
62,1000,342,29
63,1000,354,29
64,1000,364,29
65,1000,382,29
66,998,400,29
67,998,404,29
68,998,416,29
69,998,434,29
70,998,444,29
71,998,452,29
72,998,474,29
73,998,486,29
74,998,500,29
75,998,502,29
76,998,514,29
77,998,512,29
78,998,520,29
79,998,536,29
80,998,552,29
81,998,560,29
82,996,570,29
83,996,586,29
84,996,596,29
85,996,602,29
86,996,602,29
87,996,604,29
88,996,618,29
89,996,626,29
90,996,634,29
91,996,646,29
92,996,666,29
93,996,664,29
94,996,668,29
95,996,672,29
96,996,682,29
97,996,690,29
98,996,712,29
99,996,724,29
100,996,738,29
101,994,756,29
102,994,768,29
103,994,782,29
104,994,790,29
105,994,788,29
106,994,788,29
107,994,794,29
108,994,802,29
109,994,816,29
110,994,830,29
111,994,846,29
112,994,860,29
113,994,864,29
114,994,868,29
115,994,868,29
116,994,876,29
117,994,892,29
118,994,912,29
119,992,928,29
120,992,942,29
121,992,940,29
122,992,946,29
123,992,948,29
124,992,960,29
125,992,978,29
126,992,992,29
127,992,1002,29
128,992,1008,29
129,992,1012,29
130,992,1018,29
131,992,1026,29
132,992,1042,29
133,992,1058,29
134,992,1070,29
135,992,1082,29
136,992,1090,29
137,992,1096,29
138,992,1106,29
139,992,1126,29
140,990,1146,29
141,990,1154,29
142,990,1158,29
143,990,1156,29
144,990,1170,29
145,990,1182,29
146,990,1196,29
147,990,1212,29
148,990,1224,29
149,990,1236,29
150,990,1248,29
151,990,1248,29
152,990,1248,29
153,990,1274,29
154,988,1286,29
155,988,1302,29
156,988,1312,29
157,988,1330,29
158,990,1340,29
159,990,1368,29
160,990,1370,29
161,990,1370,29
146,256,4,30
147,256,8,30
148,256,14,30
149,256,16,30
150,256,26,30
151,256,30,30
152,256,36,30
153,256,42,30
154,256,50,30
155,256,52,30
156,258,60,30
157,258,68,30
158,258,78,30
159,258,92,30
160,256,96,30
161,258,94,30
162,256,102,30
163,256,108,30
164,256,122,30
165,256,124,30
166,256,126,30
167,256,132,30
168,256,142,30
169,256,154,30
170,256,166,30
171,256,178,30
172,256,192,30
173,256,202,30
174,256,214,30
175,256,230,30
176,254,242,30
177,254,252,30
178,254,260,30
179,254,266,30
180,254,270,30
58,364,8,31
59,364,14,31
60,364,26,31
61,364,30,31
62,364,42,31
63,364,62,31
64,364,74,31
65,362,94,31
66,362,110,31
67,362,122,31
68,362,138,31
69,362,154,31
70,362,170,31
71,362,182,31
72,362,190,31
73,362,190,31
74,362,198,31
75,362,214,31
76,362,234,31
77,362,244,31
78,362,258,31
79,362,274,31
80,362,290,31
81,360,306,31
82,360,322,31
83,360,336,31
84,362,346,31
85,360,358,31
86,362,366,31
87,360,376,31
88,360,384,31
89,360,380,31
90,360,370,31
91,362,362,31
92,360,364,31
93,360,362,31
94,360,362,31
95,360,356,31
96,360,356,31
97,360,366,31
98,360,380,31
99,360,394,31
100,360,410,31
101,360,426,31
102,360,442,31
103,360,454,31
104,358,470,31
105,358,482,31
106,358,494,31
107,358,504,31
108,358,516,31
109,358,538,31
110,358,554,31
111,358,560,31
112,358,566,31
113,358,574,31
114,358,582,31
115,358,594,31
116,358,610,31
117,358,622,31
118,356,636,31
119,356,660,31
120,356,676,31
121,356,688,31
122,354,706,31
123,354,718,31
124,354,740,31
125,354,756,31
126,354,770,31
127,354,778,31
128,354,782,31
129,354,798,31
130,354,820,31
131,354,832,31
132,354,846,31
133,354,852,31
134,354,870,31
135,354,884,31
136,354,898,31
137,354,906,31
138,354,930,31
139,354,948,31
140,352,958,31
141,352,964,31
142,352,978,31
143,352,994,31
144,352,1010,31
145,352,1024,31
146,352,1040,31
147,352,1054,31
148,352,1066,31
149,352,1072,31
150,352,1088,31
151,352,1106,31
152,350,1114,31
153,350,1126,31
154,350,1138,31
155,350,1150,31
156,350,1160,31
157,350,1170,31
158,350,1180,31
159,350,1210,31
160,350,1212,31
161,348,1218,31
162,348,1230,31
163,348,1242,31
164,348,1246,31
165,348,1258,31
166,348,1274,31
167,348,1290,31
168,348,1290,31
169,348,1290,31
170,348,1290,31
171,348,1292,31
172,348,1292,31
173,348,1294,31
174,348,1294,31
175,348,1294,31
176,348,1288,31
177,348,1292,31
178,348,1290,31
179,348,1284,31
180,348,1282,31
0,1030,836,32
1,1030,846,32
2,1030,856,32
3,1030,872,32
4,1028,898,32
5,1028,910,32
6,1028,918,32
7,1028,926,32
8,1028,938,32
9,1028,950,32
10,1028,964,32
11,1028,976,32
12,1028,998,32
13,1028,1014,32
14,1028,1028,32
15,1026,1046,32
16,1026,1056,32
17,1026,1070,32
18,1026,1086,32
19,1026,1100,32
20,1026,1102,32
21,1026,1116,32
22,1026,1130,32
23,1026,1138,32
24,1026,1146,32
25,1026,1152,32
26,1026,1164,32
27,1026,1176,32
28,1026,1186,32
29,1024,1202,32
30,1024,1208,32
31,1024,1216,32
32,1024,1228,32
33,1024,1236,32
34,1024,1244,32
35,1024,1256,32
36,1024,1268,32
37,1024,1278,32
38,1024,1288,32
39,1024,1298,32
40,1024,1304,32
41,1024,1318,32
42,1024,1326,32
43,1024,1336,32
44,1026,1344,32
45,1026,1354,32
46,1026,1360,32
47,1026,1368,32
0,922,834,33
1,922,852,33
2,922,866,33
3,922,878,33
4,922,892,33
5,922,908,33
6,922,920,33
7,922,934,33
8,922,950,33
9,922,964,33
10,920,976,33
11,920,994,33
12,920,1002,33
13,920,1018,33
14,920,1030,33
15,920,1046,33
16,920,1062,33
17,920,1076,33
18,920,1088,33
19,920,1102,33
20,918,1114,33
21,918,1130,33
22,918,1140,33
23,918,1152,33
24,918,1168,33
25,918,1182,33
26,918,1196,33
27,918,1204,33
28,918,1218,33
29,918,1232,33
30,918,1246,33
31,918,1258,33
32,918,1272,33
33,916,1284,33
34,916,1296,33
35,916,1310,33
36,916,1324,33
37,916,1336,33
38,916,1350,33
39,916,1364,33
0,570,598,34
1,570,612,34
2,570,620,34
3,570,642,34
4,570,646,34
5,570,666,34
6,570,674,34
7,570,682,34
8,570,690,34
9,570,706,34
10,570,706,34
11,570,722,34
12,568,738,34
13,568,750,34
14,568,752,34
15,568,770,34
16,568,786,34
17,568,802,34
18,568,810,34
19,568,818,34
20,568,838,34
21,568,842,34
22,568,850,34
23,568,866,34
24,566,872,34
25,566,880,34
26,566,896,34
27,566,898,34
28,566,914,34
29,566,924,34
30,566,930,34
31,566,938,34
32,566,962,34
33,566,958,34
34,566,966,34
35,566,980,34
36,566,998,34
37,566,1010,34
38,564,1020,34
39,564,1026,34
40,564,1038,34
41,564,1050,34
42,564,1062,34
43,564,1074,34
44,564,1074,34
45,564,1082,34
46,564,1094,34
47,564,1098,34
48,564,1110,34
49,564,1114,34
50,564,1122,34
51,564,1122,34
52,564,1130,34
53,564,1138,34
54,562,1148,34
55,564,1142,34
56,562,1164,34
57,562,1170,34
58,562,1178,34
59,562,1190,34
60,562,1196,34
61,562,1204,34
62,562,1212,34
63,562,1226,34
64,562,1234,34
65,562,1242,34
66,562,1254,34
67,562,1274,34
68,562,1282,34
69,562,1290,34
70,560,1306,34
71,560,1308,34
72,560,1314,34
73,560,1320,34
74,560,1324,34
75,560,1330,34
76,560,1342,34
77,560,1350,34
78,560,1354,34
79,560,1362,34
80,560,1358,34
81,560,1364,34
82,560,1368,34
58,1002,8,35
59,1002,18,35
60,1002,34,35
61,1002,40,35
62,1002,58,35
63,1002,68,35
64,1002,88,35
65,1002,104,35
66,1002,122,35
67,1002,134,35
68,1000,148,35
69,1000,166,35
70,1000,182,35
71,1000,196,35
72,1000,208,35
73,1000,226,35
74,1000,242,35
75,1000,252,35
76,1000,268,35
77,1000,282,35
78,1000,298,35
79,1000,308,35
80,1000,324,35
81,1000,342,35
82,998,358,35
83,998,370,35
84,998,386,35
85,998,402,35
86,998,422,35
87,998,434,35
88,998,446,35
89,998,458,35
90,998,474,35
91,998,490,35
92,998,502,35
93,998,518,35
94,998,534,35
95,996,556,35
96,996,572,35
97,996,590,35
98,996,606,35
99,996,622,35
100,996,634,35
101,996,650,35
102,996,662,35
103,996,678,35
104,996,694,35
105,994,714,35
106,994,734,35
107,994,750,35
108,994,758,35
109,994,770,35
110,994,786,35
111,994,802,35
112,994,822,35
113,994,826,35
114,994,830,35
115,994,830,35
116,994,834,35
117,994,852,35
118,994,870,35
119,994,884,35
120,992,898,35
121,992,902,35
122,994,900,35
123,994,904,35
124,994,914,35
125,992,934,35
126,992,950,35
127,992,960,35
128,992,970,35
129,992,970,35
130,992,972,35
131,992,980,35
132,992,998,35
133,992,1014,35
134,992,1030,35
135,992,1042,35
136,992,1050,35
137,992,1054,35
138,992,1062,35
139,992,1080,35
140,992,1098,35
141,990,1110,35
142,990,1114,35
143,990,1118,35
144,990,1126,35
145,990,1138,35
146,990,1154,35
147,990,1170,35
148,990,1186,35
149,990,1198,35
150,990,1202,35
151,990,1206,35
152,990,1210,35
153,990,1228,35
154,990,1246,35
155,990,1260,35
156,990,1274,35
157,990,1288,35
158,988,1302,35
159,990,1330,35
160,990,1332,35
161,990,1336,35
162,990,1348,35
163,990,1358,35
164,990,1366,35
165,990,1370,35
58,682,4,36
59,682,8,36
60,682,26,36
61,682,42,36
62,682,58,36
63,682,74,36
64,682,84,36
65,682,102,36
66,682,122,36
67,682,138,36
68,682,156,36
69,682,172,36
70,682,184,36
71,682,192,36
72,682,204,36
73,682,218,36
74,680,236,36
75,680,250,36
76,680,270,36
77,680,290,36
78,680,306,36
79,680,316,36
80,680,326,36
81,680,338,36
82,680,352,36
83,680,366,36
84,680,378,36
85,680,390,36
86,680,404,36
87,678,422,36
88,678,434,36
89,678,446,36
90,678,462,36
91,678,470,36
92,678,474,36
93,678,490,36
94,678,502,36
95,678,518,36
96,678,534,36
97,678,544,36
98,678,560,36
99,678,576,36
100,676,602,36
101,676,614,36
102,676,626,36
103,676,634,36
104,676,648,36
105,676,666,36
106,676,684,36
107,676,702,36
108,676,720,36
109,676,736,36
110,676,754,36
111,674,774,36
112,674,792,36
113,674,810,36
114,674,822,36
115,674,840,36
116,674,858,36
117,674,876,36
118,674,896,36
119,674,912,36
120,672,934,36
121,672,954,36
122,672,970,36
123,672,994,36
124,672,1010,36
125,672,1026,36
126,672,1038,36
127,672,1054,36
128,672,1066,36
129,670,1082,36
130,670,1098,36
131,670,1110,36
132,670,1122,36
133,670,1132,36
134,670,1146,36
135,670,1158,36
136,670,1170,36
137,670,1184,36
138,670,1200,36
139,670,1222,36
140,670,1238,36
141,670,1252,36
142,668,1266,36
143,668,1274,36
144,668,1286,36
145,668,1298,36
146,668,1306,36
147,668,1318,36
148,668,1328,36
149,668,1348,36
150,668,1360,36
151,668,1360,36
152,668,1370,36
62,966,22,37
63,966,42,37
64,966,62,37
65,966,76,37
66,966,94,37
67,966,104,37
68,966,122,37
69,966,136,37
70,966,156,37
71,966,176,37
72,964,202,37
73,964,220,37
74,964,238,37
75,964,254,37
76,964,254,37
77,964,258,37
78,964,278,37
79,964,290,37
80,964,304,37
81,964,328,37
82,964,350,37
83,964,368,37
84,962,384,37
85,962,406,37
86,962,418,37
87,962,432,37
88,962,456,37
89,962,470,37
90,962,482,37
91,962,510,37
92,962,526,37
93,962,546,37
94,962,566,37
95,962,578,37
96,962,584,37
97,962,586,37
98,962,588,37
99,960,606,37
100,962,614,37
101,960,622,37
102,960,624,37
103,960,630,37
104,960,638,37
105,960,656,37
106,960,670,37
107,960,672,37
108,960,692,37
109,960,716,37
110,960,734,37
111,960,754,37
112,958,776,37
113,958,798,37
114,958,816,37
115,958,830,37
116,958,852,37
117,958,868,37
118,958,884,37
119,958,906,37
120,958,932,37
121,956,948,37
122,956,964,37
123,956,990,37
124,956,1010,37
125,956,1036,37
126,956,1054,37
127,956,1074,37
128,954,1082,37
129,954,1098,37
130,954,1112,37
131,954,1130,37
132,954,1148,37
133,954,1170,37
134,954,1196,37
135,954,1210,37
136,954,1210,37
137,954,1214,37
138,954,1226,37
139,954,1238,37
140,954,1248,37
141,954,1258,37
142,954,1264,37
143,954,1266,37
144,954,1268,37
145,954,1278,37
146,954,1290,37
147,954,1302,37
148,954,1320,37
149,954,1328,37
150,954,1332,37
151,954,1332,37
152,954,1338,37
153,954,1350,37
154,954,1356,37
155,954,1364,37
156,954,1368,37
157,954,1370,37
0,68,942,38
1,68,954,38
2,68,970,38
3,68,982,38
4,68,994,38
5,68,1006,38
6,66,1018,38
7,66,1030,38
8,66,1044,38
9,66,1058,38
10,66,1068,38
11,66,1084,38
12,66,1096,38
13,66,1108,38
14,64,1126,38
15,64,1138,38
16,64,1154,38
17,64,1166,38
18,64,1180,38
19,62,1194,38
20,62,1210,38
21,62,1226,38
22,62,1234,38
23,62,1248,38
24,62,1262,38
25,62,1278,38
26,62,1290,38
27,62,1304,38
28,62,1316,38
29,62,1328,38
30,60,1346,38
31,60,1358,38
32,60,1366,38
0,256,176,39
1,256,198,39
2,256,212,39
3,256,224,39
4,256,236,39
5,254,258,39
6,254,278,39
7,254,294,39
8,254,314,39
9,254,330,39
10,254,346,39
11,254,362,39
12,254,376,39
13,252,402,39
14,252,414,39
15,252,428,39
16,252,440,39
17,252,456,39
18,252,468,39
19,252,484,39
20,252,500,39
21,252,516,39
22,252,532,39
23,250,558,39
24,250,574,39
25,250,590,39
26,250,602,39
27,250,616,39
28,250,630,39
29,250,644,39
30,250,658,39
31,250,672,39
32,250,684,39
33,250,700,39
34,250,716,39
35,250,734,39
36,248,754,39
37,248,768,39
38,248,784,39
39,248,796,39
40,248,816,39
41,248,832,39
42,248,844,39
43,248,854,39
44,248,864,39
45,248,886,39
46,246,906,39
47,246,926,39
48,246,944,39
49,246,960,39
50,246,978,39
51,246,996,39
52,246,1012,39
53,246,1026,39
54,244,1042,39
55,244,1062,39
56,244,1076,39
57,244,1094,39
58,244,1108,39
59,244,1126,39
60,244,1144,39
61,244,1160,39
62,242,1178,39
63,242,1194,39
64,242,1202,39
65,242,1222,39
66,242,1236,39
67,242,1252,39
68,242,1264,39
69,240,1278,39
70,240,1292,39
71,240,1308,39
72,240,1324,39
73,240,1340,39
74,240,1360,39
0,110,542,40
1,110,564,40
2,110,572,40
3,108,594,40
4,108,604,40
5,108,620,40
6,108,634,40
7,108,650,40
8,108,666,40
9,108,682,40
10,108,694,40
11,108,714,40
12,106,730,40
13,106,746,40
14,106,762,40
15,106,772,40
16,106,778,40
17,106,786,40
18,106,802,40
19,106,814,40
20,106,826,40
21,106,836,40
22,104,848,40
23,104,868,40
24,104,882,40
25,104,898,40
26,104,910,40
27,104,930,40
28,104,942,40
29,104,954,40
30,104,970,40
31,104,978,40
32,102,990,40
33,102,1006,40
34,102,1024,40
35,102,1038,40
36,102,1050,40
37,102,1070,40
38,102,1084,40
39,100,1106,40
40,102,1104,40
41,100,1122,40
42,100,1124,40
43,100,1138,40
44,100,1140,40
45,100,1154,40
46,100,1168,40
47,100,1186,40
48,100,1202,40
49,100,1216,40
50,98,1234,40
51,98,1250,40
52,98,1264,40
53,98,1274,40
54,98,1282,40
55,98,1292,40
56,98,1306,40
57,98,1320,40
58,96,1342,40
59,96,1358,40
60,96,1364,40
61,96,1368,40
0,256,144,42
1,256,164,42
2,256,182,42
3,256,194,42
4,256,206,42
5,256,226,42
6,256,242,42
7,256,262,42
8,254,280,42
9,254,298,42
10,254,312,42
11,254,330,42
12,254,346,42
13,254,362,42
14,254,378,42
15,254,396,42
16,254,408,42
17,254,424,42
18,254,438,42
19,252,454,42
20,252,470,42
21,252,486,42
22,252,502,42
23,252,520,42
24,252,538,42
25,252,554,42
26,250,570,42
27,250,582,42
28,250,596,42
29,250,610,42
30,250,624,42
31,250,640,42
32,250,656,42
33,250,670,42
34,250,686,42
35,250,702,42
36,250,720,42
37,250,738,42
38,248,756,42
39,248,768,42
40,248,786,42
41,248,802,42
42,248,814,42
43,248,822,42
44,248,836,42
45,248,854,42
46,248,874,42
47,246,894,42
48,246,914,42
49,246,932,42
50,246,950,42
51,246,968,42
52,246,984,42
53,246,1000,42
54,246,1014,42
55,246,1030,42
56,244,1048,42
57,244,1064,42
58,244,1078,42
59,244,1094,42
60,244,1112,42
61,244,1128,42
62,244,1144,42
63,242,1160,42
64,242,1172,42
65,242,1188,42
66,242,1206,42
67,242,1220,42
68,242,1232,42
69,242,1246,42
70,242,1258,42
71,240,1276,42
72,240,1294,42
73,240,1312,42
74,240,1328,42
75,240,1346,42
76,240,1364,42
0,570,704,43
1,570,724,43
2,570,736,43
3,570,752,43
4,568,770,43
5,568,780,43
6,568,792,43
7,568,810,43
8,568,818,43
9,568,830,43
10,568,836,43
11,568,848,43
12,568,860,43
13,566,878,43
14,566,894,43
15,566,910,43
16,566,922,43
17,566,938,43
18,566,950,43
19,566,964,43
20,566,980,43
21,566,996,43
22,566,1008,43
23,564,1026,43
24,564,1040,43
25,564,1052,43
26,564,1068,43
27,564,1080,43
28,564,1094,43
29,564,1112,43
30,564,1126,43
31,564,1138,43
32,562,1158,43
33,562,1176,43
34,562,1186,43
35,562,1200,43
36,562,1212,43
37,562,1228,43
38,562,1242,43
39,562,1252,43
40,562,1266,43
41,560,1284,43
42,560,1298,43
43,560,1308,43
44,560,1314,43
45,560,1330,43
46,560,1344,43
47,560,1352,43
48,560,1364,43
135,754,6,44
136,754,10,44
137,754,18,44
138,754,32,44
139,754,44,44
140,754,58,44
141,754,74,44
142,754,82,44
143,754,98,44
144,754,106,44
145,754,114,44
146,754,122,44
147,754,134,44
148,754,142,44
149,754,154,44
150,752,166,44
151,752,182,44
152,752,194,44
153,752,206,44
154,752,218,44
155,752,234,44
156,752,246,44
157,752,254,44
158,752,262,44
159,752,298,44
160,752,300,44
161,752,306,44
162,750,320,44
163,750,334,44
164,750,346,44
165,750,366,44
166,750,378,44
167,750,386,44
168,750,398,44
169,750,414,44
170,750,428,44
171,750,438,44
172,750,458,44
173,750,468,44
174,750,474,44
175,750,474,44
176,750,480,44
177,750,490,44
178,750,502,44
179,750,504,44
180,748,518,44
0,68,984,45
1,68,998,45
2,68,1014,45
3,68,1026,45
4,66,1036,45
5,66,1050,45
6,66,1064,45
7,66,1078,45
8,66,1088,45
9,66,1102,45
10,66,1114,45
11,66,1128,45
12,64,1142,45
13,64,1156,45
14,64,1164,45
15,64,1178,45
16,64,1192,45
17,64,1208,45
18,64,1220,45
19,62,1238,45
20,62,1250,45
21,62,1266,45
22,62,1278,45
23,62,1288,45
24,62,1300,45
25,62,1316,45
26,60,1338,45
27,60,1350,45
28,60,1358,45
29,60,1368,45
114,400,6,46
115,398,18,46
116,400,34,46
117,398,52,46
118,398,66,46
119,398,82,46
120,398,102,46
121,398,118,46
122,398,134,46
123,398,148,46
124,398,162,46
125,398,178,46
126,398,194,46
127,398,206,46
128,398,222,46
129,398,238,46
130,396,258,46
131,396,274,46
132,396,288,46
133,396,308,46
134,396,320,46
135,396,330,46
136,396,350,46
137,396,364,46
138,396,374,46
139,396,392,46
140,396,408,46
141,396,422,46
142,396,428,46
143,396,442,46
144,394,462,46
145,394,476,46
146,394,490,46
147,394,506,46
148,394,522,46
149,394,534,46
150,394,544,46
151,394,556,46
152,394,564,46
153,394,574,46
154,394,586,46
155,394,596,46
156,394,612,46
157,394,622,46
158,394,632,46
159,392,660,46
160,392,666,46
161,392,666,46
162,392,676,46
163,392,686,46
164,392,698,46
165,392,712,46
166,392,720,46
167,392,726,46
168,392,732,46
169,392,742,46
170,392,754,46
171,392,768,46
172,390,786,46
173,390,800,46
174,390,814,46
175,390,826,46
176,390,832,46
177,390,846,46
178,390,860,46
179,390,874,46
180,390,884,46
0,394,460,47
1,394,474,47
2,394,482,47
3,394,498,47
4,394,514,47
5,394,520,47
6,394,536,47
7,394,552,47
8,394,578,47
9,394,590,47
10,392,610,47
11,392,626,47
12,392,642,47
13,392,658,47
14,392,674,47
15,392,692,47
16,392,712,47
17,390,730,47
18,390,750,47
19,390,770,47
20,390,790,47
21,390,806,47
22,390,820,47
23,390,832,47
24,390,842,47
25,390,858,47
26,390,866,47
27,388,882,47
28,388,894,47
29,388,906,47
30,388,918,47
31,388,930,47
32,388,936,47
33,388,954,47
34,388,962,47
35,388,970,47
36,388,970,47
37,388,986,47
38,388,994,47
39,386,1016,47
40,386,1034,47
41,386,1050,47
42,386,1068,47
43,386,1086,47
44,386,1092,47
45,386,1100,47
46,386,1120,47
47,386,1130,47
48,386,1146,47
49,384,1170,47
50,384,1190,47
51,384,1206,47
52,384,1216,47
53,384,1226,47
54,384,1242,47
55,384,1250,47
56,384,1258,47
57,382,1274,47
58,382,1282,47
59,382,1294,47
60,382,1302,47
61,382,1314,47
62,382,1328,47
63,382,1332,47
64,382,1340,47
65,382,1354,47
66,382,1362,47
67,382,1370,47
132,966,30,48
133,966,48,48
134,966,66,48
135,966,84,48
136,966,102,48
137,966,122,48
138,966,138,48
139,966,164,48
140,966,182,48
141,966,208,48
142,966,224,48
143,966,230,48
144,966,230,48
145,964,236,48
146,966,256,48
147,964,272,48
148,964,290,48
149,964,304,48
150,964,312,48
151,964,322,48
152,964,330,48
153,964,354,48
154,964,370,48
155,964,374,48
156,964,378,48
157,964,382,48
158,964,388,48
159,964,426,48
160,964,430,48
161,964,434,48
162,964,448,48
163,962,464,48
164,962,482,48
165,962,498,48
166,962,516,48
167,962,522,48
168,962,522,48
169,962,524,48
170,962,526,48
171,962,516,48
172,962,526,48
173,962,522,48
174,962,520,48
175,962,528,48
176,962,544,48
177,962,558,48
178,962,572,48
179,962,586,48
180,960,594,48
7,400,6,49
8,398,22,49
9,398,38,49
10,398,54,49
11,398,70,49
12,398,90,49
13,398,106,49
14,398,122,49
15,398,140,49
16,398,160,49
17,398,184,49
18,398,202,49
19,396,222,49
20,396,240,49
21,396,256,49
22,396,270,49
23,396,280,49
24,396,294,49
25,396,306,49
26,396,320,49
27,396,338,49
28,396,350,49
29,396,366,49
30,396,382,49
31,396,398,49
32,394,414,49
33,394,426,49
34,394,438,49
35,394,450,49
36,394,462,49
37,394,476,49
38,394,494,49
39,394,508,49
40,394,528,49
41,394,548,49
42,394,566,49
43,392,586,49
44,392,602,49
45,392,614,49
46,392,628,49
47,392,642,49
48,392,658,49
49,392,676,49
50,392,698,49
51,392,714,49
52,392,730,49
53,392,744,49
54,390,762,49
55,390,774,49
56,390,790,49
57,390,802,49
58,390,814,49
59,390,826,49
60,390,836,49
61,390,854,49
62,390,866,49
63,390,882,49
64,390,894,49
65,388,914,49
66,388,928,49
67,388,942,49
68,388,962,49
69,388,978,49
70,388,992,49
71,388,1008,49
72,388,1026,49
73,386,1042,49
74,386,1054,49
75,386,1068,49
76,386,1082,49
77,386,1096,49
78,386,1110,49
79,386,1122,49
80,386,1138,49
81,386,1152,49
82,384,1168,49
83,384,1182,49
84,384,1196,49
85,384,1212,49
86,384,1230,49
87,384,1246,49
88,384,1258,49
89,382,1274,49
90,382,1288,49
91,382,1306,49
92,382,1322,49
93,382,1338,49
94,382,1356,49
95,382,1364,49
0,398,190,50
1,398,210,50
2,398,226,50
3,398,244,50
4,396,266,50
5,398,280,50
6,396,300,50
7,396,320,50
8,396,340,50
9,396,362,50
10,396,380,50
11,396,396,50
12,396,416,50
13,394,436,50
14,394,454,50
15,394,474,50
16,394,498,50
17,394,516,50
18,394,536,50
19,394,554,50
20,394,576,50
21,392,602,50
22,392,614,50
23,392,630,50
24,392,642,50
25,392,658,50
26,392,678,50
27,392,696,50
28,392,712,50
29,392,728,50
30,392,746,50
31,390,768,50
32,390,784,50
33,390,806,50
34,390,818,50
35,390,838,50
36,390,856,50
37,390,870,50
38,390,886,50
39,390,906,50
40,388,928,50
41,388,946,50
42,388,966,50
43,388,986,50
44,388,1002,50
45,388,1018,50
46,388,1034,50
47,388,1054,50
48,386,1072,50
49,386,1094,50
50,386,1116,50
51,386,1132,50
52,386,1148,50
53,386,1164,50
54,386,1182,50
55,384,1194,50
56,384,1204,50
57,384,1218,50
58,384,1226,50
59,384,1234,50
60,384,1246,50
61,384,1258,50
62,384,1266,50
63,384,1278,50
64,384,1290,50
65,382,1306,50
66,382,1318,50
67,382,1330,50
68,382,1346,50
69,382,1360,50
70,382,1370,50
120,1038,8,51
121,1038,20,51
122,1038,24,51
123,1038,26,51
124,1038,28,51
125,1038,46,51
126,1038,64,51
127,1038,76,51
128,1038,84,51
129,1038,90,51
130,1036,100,51
131,1038,110,51
132,1036,132,51
133,1036,142,51
134,1038,144,51
135,1038,154,51
136,1038,164,51
137,1038,176,51
138,1036,196,51
139,1036,208,51
140,1036,220,51
141,1036,230,51
142,1036,238,51
143,1036,246,51
144,1036,252,51
145,1036,258,51
146,1036,266,51
147,1036,280,51
148,1036,288,51
149,1036,300,51
150,1036,314,51
151,1036,330,51
152,1034,354,51
153,1034,362,51
154,1034,378,51
155,1034,394,51
156,1034,410,51
157,1034,418,51
158,1034,434,51
159,1034,450,51
160,1034,454,51
161,1034,458,51
162,1034,470,51
163,1034,490,51
164,1034,506,51
165,1034,514,51
166,1034,532,51
167,1034,546,51
168,1032,564,51
169,1032,576,51
170,1032,596,51
171,1032,602,51
172,1032,618,51
173,1032,630,51
174,1032,648,51
175,1032,664,51
176,1032,682,51
177,1032,698,51
178,1030,718,51
179,1030,736,51
180,1030,746,51
0,532,850,52
1,532,858,52
2,532,874,52
3,532,882,52
4,532,890,52
5,532,908,52
6,530,922,52
7,530,930,52
8,530,938,52
9,530,954,52
10,530,970,52
11,530,978,52
12,530,980,52
13,530,990,52
14,530,1000,52
15,530,1016,52
16,530,1024,52
17,530,1040,52
18,528,1060,52
19,528,1074,52
20,528,1090,52
21,528,1106,52
22,528,1126,52
23,528,1138,52
24,528,1146,52
25,526,1166,52
26,526,1178,52
27,526,1180,52
28,526,1194,52
29,526,1202,52
30,526,1206,52
31,526,1212,52
32,526,1226,52
33,526,1238,52
34,526,1248,52
35,526,1264,52
36,526,1274,52
37,526,1282,52
38,524,1302,52
39,524,1316,52
40,524,1330,52
41,524,1338,52
42,524,1346,52
43,524,1352,52
44,524,1362,52
0,388,924,53
1,388,942,53
2,388,954,53
3,388,962,53
4,388,978,53
5,388,994,53
6,388,1014,53
7,388,1026,53
8,386,1044,53
9,386,1060,53
10,386,1076,53
11,386,1082,53
12,386,1096,53
13,386,1116,53
14,386,1120,53
15,386,1130,53
16,386,1144,53
17,384,1168,53
18,384,1186,53
19,384,1202,53
20,384,1218,53
21,384,1230,53
22,384,1238,53
23,384,1244,53
24,384,1248,53
25,382,1266,53
26,382,1278,53
27,382,1294,53
28,382,1306,53
29,382,1312,53
30,382,1328,53
31,382,1346,53
32,382,1352,53
33,380,1368,53
34,382,1368,53
35,380,1370,53
0,754,80,54
1,754,106,54
2,754,130,54
3,752,148,54
4,752,166,54
5,752,186,54
6,752,202,54
7,752,222,54
8,752,232,54
9,752,248,54
10,752,262,54
11,752,276,54
12,752,290,54
13,750,308,54
14,750,324,54
15,750,342,54
16,750,360,54
17,750,372,54
18,750,392,54
19,750,412,54
20,750,432,54
21,750,448,54
22,750,464,54
23,750,484,54
24,750,502,54
25,748,522,54
26,748,540,54
27,748,560,54
28,748,578,54
29,748,602,54
30,748,618,54
31,748,642,54
32,748,656,54
33,746,684,54
34,746,706,54
35,746,726,54
36,746,746,54
37,746,770,54
38,746,780,54
39,746,800,54
40,746,820,54
41,746,840,54
42,744,862,54
43,744,884,54
44,744,906,54
45,744,926,54
46,744,942,54
47,744,958,54
48,744,970,54
49,744,986,54
50,744,1008,54
51,742,1030,54
52,742,1050,54
53,742,1058,54
54,742,1064,54
55,742,1082,54
56,742,1094,54
57,742,1106,54
58,742,1116,54
59,742,1132,54
60,742,1144,54
61,742,1152,54
62,740,1174,54
63,740,1186,54
64,740,1194,54
65,740,1210,54
66,740,1216,54
67,740,1224,54
68,740,1242,54
69,740,1250,54
70,740,1266,54
71,740,1274,54
72,738,1286,54
73,738,1296,54
74,738,1306,54
75,738,1318,54
76,738,1332,54
77,738,1344,54
78,738,1360,54
79,738,1368,54
0,634,1138,55
1,634,1152,55
2,634,1162,55
3,634,1172,55
4,634,1184,55
5,634,1200,55
6,634,1208,55
7,634,1220,55
8,634,1234,55
9,632,1250,55
10,632,1262,55
11,632,1274,55
12,632,1290,55
13,632,1306,55
14,632,1322,55
15,632,1338,55
16,632,1352,55
17,630,1362,55
18,630,1368,55
40,718,8,56
41,718,12,56
42,718,34,56
43,718,50,56
44,718,60,56
45,718,72,56
46,718,92,56
47,718,108,56
48,718,124,56
49,718,138,56
50,718,152,56
51,716,172,56
52,716,186,56
53,716,204,56
54,716,222,56
55,716,242,56
56,716,260,56
57,716,268,56
58,716,282,56
59,716,290,56
60,716,298,56
61,716,300,56
62,714,330,56
63,714,346,56
64,714,358,56
65,714,374,56
66,714,390,56
67,714,408,56
68,714,420,56
69,714,434,56
70,714,442,56
71,714,450,56
72,714,450,56
73,714,466,56
74,714,482,56
75,714,496,56
76,714,508,56
77,714,524,56
78,714,536,56
79,712,556,56
80,712,572,56
81,712,586,56
82,712,592,56
83,712,610,56
84,712,626,56
85,712,642,56
86,712,656,56
87,712,676,56
88,712,690,56
89,712,704,56
90,710,722,56
91,710,738,56
92,710,754,56
93,710,770,56
94,710,784,56
95,710,798,56
96,710,816,56
97,710,836,56
98,710,848,56
99,710,860,56
100,710,860,56
101,710,864,56
102,708,886,56
103,708,904,56
104,708,922,56
105,708,932,56
106,708,954,56
107,708,970,56
108,708,988,56
109,708,1010,56
110,708,1018,56
111,708,1024,56
112,706,1036,56
113,706,1050,56
114,706,1066,56
115,706,1086,56
116,706,1096,56
117,706,1120,56
118,706,1134,56
119,706,1154,56
120,704,1176,56
121,704,1186,56
122,704,1202,56
123,704,1218,56
124,704,1240,56
125,704,1256,56
126,704,1270,56
127,704,1288,56
128,702,1308,56
129,702,1326,56
130,702,1342,56
131,702,1356,56
132,702,1368,56
33,470,8,57
34,470,22,57
35,470,34,57
36,470,50,57
37,470,62,57
38,470,78,57
39,470,90,57
40,470,106,57
41,470,122,57
42,470,138,57
43,468,154,57
44,468,170,57
45,468,184,57
46,468,200,57
47,468,210,57
48,468,224,57
49,468,238,57
50,468,258,57
51,468,274,57
52,468,294,57
53,468,308,57
54,468,322,57
55,466,342,57
56,466,362,57
57,466,378,57
58,466,396,57
59,466,414,57
60,466,424,57
61,466,440,57
62,466,458,57
63,466,472,57
64,466,488,57
65,466,502,57
66,466,522,57
67,464,540,57
68,464,552,57
69,464,568,57
70,464,586,57
71,464,602,57
72,464,618,57
73,464,634,57
74,464,650,57
75,462,674,57
76,462,690,57
77,462,702,57
78,462,716,57
79,462,734,57
80,462,750,57
81,462,760,57
82,462,782,57
83,462,794,57
84,462,810,57
85,460,834,57
86,460,846,57
87,460,860,57
88,460,882,57
89,460,898,57
90,460,914,57
91,460,930,57
92,460,954,57
93,460,966,57
94,458,986,57
95,458,1004,57
96,458,1022,57
97,458,1042,57
98,458,1056,57
99,458,1072,57
100,458,1092,57
101,458,1108,57
102,456,1130,57
103,456,1140,57
104,456,1158,57
105,456,1178,57
106,456,1196,57
107,456,1218,57
108,456,1234,57
109,454,1254,57
110,454,1270,57
111,454,1288,57
112,454,1306,57
113,454,1322,57
114,454,1338,57
115,454,1348,57
116,452,1362,57
0,256,218,58
1,256,236,58
2,256,254,58
3,254,270,58
4,254,278,58
5,254,304,58
6,254,318,58
7,254,338,58
8,254,354,58
9,254,370,58
10,254,388,58
11,254,406,58
12,254,422,58
13,254,434,58
14,252,454,58
15,252,470,58
16,252,482,58
17,252,498,58
18,252,510,58
19,252,524,58
20,252,540,58
21,252,556,58
22,252,574,58
23,250,592,58
24,250,610,58
25,250,630,58
26,250,642,58
27,250,658,58
28,250,674,58
29,250,686,58
30,250,698,58
31,250,714,58
32,250,730,58
33,248,750,58
34,248,762,58
35,248,780,58
36,248,794,58
37,248,810,58
38,248,824,58
39,248,842,58
40,248,862,58
41,246,878,58
42,246,890,58
43,246,894,58
44,246,910,58
45,246,930,58
46,246,950,58
47,246,970,58
48,246,986,58
49,246,1004,58
50,246,1024,58
51,244,1046,58
52,244,1056,58
53,244,1074,58
54,244,1086,58
55,244,1102,58
56,244,1122,58
57,244,1140,58
58,242,1154,58
59,242,1174,58
60,242,1194,58
61,242,1210,58
62,242,1226,58
63,242,1240,58
64,240,1254,58
65,240,1270,58
66,240,1284,58
67,240,1298,58
68,240,1310,58
69,240,1324,58
70,240,1340,58
71,240,1354,58
72,238,1368,58
155,292,8,59
156,292,22,59
157,292,34,59
158,292,42,59
159,292,86,59
160,292,90,59
161,292,94,59
162,292,96,59
163,292,102,59
164,292,110,59
165,292,116,59
166,292,120,59
167,292,120,59
168,292,118,59
169,293,92,59
170,292,76,59
171,292,66,59
172,292,62,59
173,292,48,59
174,294,43,59
175,293,46,59
176,293,48,59
177,292,42,59
178,292,63,59
179,292,98,59
180,292,112,59
0,422,1120,60
1,422,1136,60
2,422,1150,60
3,420,1172,60
4,420,1186,60
5,420,1202,60
6,420,1214,60
7,420,1228,60
8,420,1242,60
9,420,1258,60
10,418,1274,60
11,418,1290,60
12,418,1294,60
13,418,1312,60
14,418,1328,60
15,418,1338,60
16,418,1352,60
17,418,1364,60
156,826,6,61
157,826,22,61
158,824,38,61
159,824,88,61
160,824,86,61
161,824,88,61
162,824,102,61
163,824,108,61
164,824,108,61
165,824,112,61
166,824,138,61
167,824,158,61
168,824,174,61
169,824,196,61
170,824,208,61
171,824,218,61
172,824,230,61
173,822,236,61
174,822,250,61
175,822,252,61
176,822,262,61
177,822,278,61
178,822,284,61
179,822,296,61
180,822,312,61
173,154,6,62
174,152,8,62
175,152,10,62
176,152,10,62
177,152,12,62
178,152,12,62
179,152,12,62
180,152,12,62
76,470,4,63
77,470,8,63
78,470,22,63
79,470,46,63
80,470,66,63
81,470,84,63
82,470,100,63
83,470,112,63
84,468,136,63
85,468,158,63
86,468,176,63
87,468,198,63
88,468,222,63
89,468,238,63
90,468,256,63
91,468,280,63
92,468,296,63
93,468,318,63
94,466,338,63
95,466,362,63
96,466,382,63
97,466,400,63
98,466,422,63
99,466,440,63
100,466,460,63
101,466,474,63
102,466,492,63
103,466,514,63
104,464,532,63
105,464,550,63
106,464,570,63
107,464,590,63
108,464,608,63
109,464,634,63
110,464,654,63
111,462,672,63
112,462,696,63
113,462,714,63
114,462,738,63
115,462,754,63
116,462,770,63
117,462,792,63
118,462,810,63
119,460,830,63
120,460,846,63
121,460,866,63
122,460,882,63
123,460,898,63
124,460,914,63
125,460,940,63
126,458,962,63
127,458,976,63
128,458,990,63
129,458,1006,63
130,458,1020,63
131,458,1034,63
132,458,1050,63
133,458,1064,63
134,458,1082,63
135,458,1096,63
136,458,1114,63
137,458,1130,63
138,456,1148,63
139,456,1162,63
140,456,1174,63
141,456,1186,63
142,456,1206,63
143,456,1224,63
144,456,1246,63
145,454,1262,63
146,454,1278,63
147,454,1294,63
148,454,1314,63
149,454,1330,63
150,454,1346,63
151,454,1358,63
152,454,1362,63
153,454,1368,63
41,684,4,64
42,682,22,64
43,682,42,64
44,682,58,64
45,682,78,64
46,682,98,64
47,682,118,64
48,682,138,64
49,682,158,64
50,682,178,64
51,682,198,64
52,682,216,64
53,680,242,64
54,680,254,64
55,680,282,64
56,680,298,64
57,680,318,64
58,680,338,64
59,680,354,64
60,680,372,64
61,680,384,64
62,680,404,64
63,680,424,64
64,678,446,64
65,678,466,64
66,678,490,64
67,678,506,64
68,678,520,64
69,678,534,64
70,678,546,64
71,678,554,64
72,678,562,64
73,678,574,64
74,678,576,64
75,676,588,64
76,676,604,64
77,676,626,64
78,676,642,64
79,676,654,64
80,676,654,64
81,676,660,64
82,676,674,64
83,676,682,64
84,676,690,64
85,676,692,64
86,675,698,64
87,675,706,64
88,675,712,64
89,674,724,64
90,676,730,64
91,676,738,64
92,676,748,64
93,676,746,64
94,676,748,64
95,676,760,64
96,675,768,64
97,674,804,64
98,674,812,64
99,674,826,64
100,674,840,64
101,674,850,64
102,674,854,64
103,674,858,64
104,674,878,64
105,674,902,64
106,672,918,64
107,672,938,64
108,672,958,64
109,672,974,64
110,672,988,64
111,672,1006,64
112,672,1026,64
113,672,1044,64
114,672,1060,64
115,670,1082,64
116,670,1102,64
117,670,1122,64
118,670,1142,64
119,670,1158,64
120,670,1178,64
121,670,1192,64
122,668,1214,64
123,668,1234,64
124,668,1246,64
125,668,1268,64
126,668,1280,64
127,668,1300,64
128,668,1318,64
129,668,1334,64
130,666,1358,64
131,666,1370,64
0,524,1360,65
1,524,1364,65
2,524,1368,65
3,524,1368,65
4,524,1368,65
5,524,1370,65
6,526,1370,65
0,456,1154,66
1,456,1160,66
2,456,1178,66
3,456,1194,66
4,456,1208,66
5,456,1226,66
6,454,1240,66
7,454,1254,66
8,454,1268,66
9,454,1282,66
10,454,1296,66
11,454,1306,66
12,454,1328,66
13,454,1338,66
14,452,1358,66
15,452,1370,66
170,84,4,67
171,82,8,67
172,82,18,67
173,80,28,67
174,80,40,67
175,78,52,67
176,78,66,67
177,78,78,67
178,78,92,67
179,78,106,67
180,78,122,67
42,256,4,69
43,256,18,69
44,256,42,69
45,256,58,69
46,256,74,69
47,256,92,69
48,256,110,69
49,256,124,69
50,256,138,69
51,256,160,69
52,256,178,69
53,256,194,69
54,256,210,69
55,256,226,69
56,254,242,69
57,254,260,69
58,254,276,69
59,254,294,69
60,254,314,69
61,254,334,69
62,254,350,69
63,254,366,69
64,254,384,69
65,254,404,69
66,254,420,69
67,252,442,69
68,252,454,69
69,252,468,69
70,252,476,69
71,252,486,69
72,252,498,69
73,252,518,69
74,252,536,69
75,252,554,69
76,250,572,69
77,250,584,69
78,250,604,69
79,250,622,69
80,250,646,69
81,250,666,69
82,250,686,69
83,250,704,69
84,250,714,69
85,250,732,69
86,248,752,69
87,248,770,69
88,248,790,69
89,248,806,69
90,248,828,69
91,248,842,69
92,248,862,69
93,246,884,69
94,246,906,69
95,246,924,69
96,246,944,69
97,246,964,69
98,246,982,69
99,246,1002,69
100,244,1022,69
101,244,1044,69
102,244,1068,69
103,244,1090,69
104,244,1106,69
105,242,1126,69
106,242,1140,69
107,242,1158,69
108,242,1178,69
109,242,1194,69
110,242,1206,69
111,242,1228,69
112,240,1246,69
113,240,1264,69
114,240,1284,69
115,240,1300,69
116,240,1314,69
117,240,1334,69
118,238,1354,69
119,238,1370,69
0,30,1096,70
1,30,1122,70
2,30,1126,70
3,30,1136,70
4,30,1138,70
5,30,1116,70
6,30,1102,70
7,30,1082,70
8,32,1056,70
9,32,1042,70
10,32,1036,70
11,30,1046,70
12,30,1070,70
13,30,1084,70
14,30,1098,70
15,30,1120,70
16,28,1142,70
17,28,1158,70
18,28,1168,70
19,28,1182,70
20,28,1202,70
21,28,1224,70
22,26,1242,70
23,26,1266,70
24,26,1286,70
25,26,1298,70
26,26,1304,70
27,26,1312,70
28,26,1324,70
29,26,1326,70
30,26,1312,70
31,26,1276,70
32,26,1262,70
33,28,1248,70
34,26,1250,70
35,26,1258,70
36,26,1276,70
37,26,1296,70
38,26,1316,70
39,26,1334,70
40,24,1362,70
41,26,1362,70
42,24,1370,70
43,24,1364,70
44,26,1346,70
45,26,1324,70
46,26,1314,70
47,26,1310,70
48,26,1316,70
49,26,1328,70
50,26,1340,70
51,26,1362,70
0,744,876,71
1,744,898,71
2,744,910,71
3,744,930,71
4,744,946,71
5,744,966,71
6,744,982,71
7,744,1000,71
8,742,1018,71
9,742,1036,71
10,742,1050,71
11,742,1066,71
12,742,1082,71
13,742,1098,71
14,742,1112,71
15,742,1128,71
16,740,1154,71
17,740,1170,71
18,740,1184,71
19,740,1198,71
20,740,1214,71
21,740,1232,71
22,740,1252,71
23,738,1274,71
24,738,1294,71
25,738,1314,71
26,738,1330,71
27,738,1346,71
28,738,1360,71
0,114,188,72
1,114,202,72
2,114,214,72
3,114,242,72
4,114,254,72
5,112,276,72
6,112,294,72
7,112,314,72
8,112,334,72
9,112,354,72
10,112,378,72
11,112,400,72
12,110,426,72
13,110,446,72
14,110,470,72
15,110,486,72
16,110,502,72
17,110,514,72
18,110,526,72
19,110,540,72
20,108,566,72
21,108,586,72
22,108,610,72
23,108,632,72
24,108,650,72
25,108,670,72
26,108,690,72
27,106,718,72
28,106,734,72
29,106,754,72
30,106,774,72
31,106,786,72
32,106,798,72
33,106,810,72
34,106,830,72
35,104,850,72
36,104,870,72
37,104,892,72
38,104,910,72
39,104,932,72
40,104,954,72
41,104,976,72
42,102,1000,72
43,102,1014,72
44,102,1026,72
45,102,1032,72
46,102,1050,72
47,102,1070,72
48,102,1092,72
49,100,1118,72
50,100,1142,72
51,100,1162,72
52,100,1178,72
53,100,1190,72
54,98,1206,72
55,98,1222,72
56,98,1240,72
57,98,1266,72
58,98,1286,72
59,98,1302,72
60,98,1316,72
61,98,1324,72
62,96,1338,72
63,96,1350,72
64,96,1354,72
65,96,1366,72
79,790,10,73
80,790,10,73
81,788,40,73
82,788,58,73
83,788,74,73
84,788,94,73
85,788,110,73
86,788,130,73
87,788,146,73
88,788,162,73
89,788,186,73
90,788,202,73
91,788,218,73
92,786,242,73
93,788,250,73
94,786,276,73
95,786,294,73
96,786,314,73
97,786,330,73
98,786,346,73
99,786,362,73
100,786,376,73
101,786,392,73
102,786,410,73
103,786,428,73
104,786,444,73
105,784,470,73
106,784,486,73
107,784,502,73
108,784,522,73
109,784,544,73
110,784,560,73
111,784,578,73
112,784,594,73
113,784,612,73
114,782,630,73
115,782,646,73
116,782,666,73
117,782,682,73
118,782,698,73
119,782,700,73
120,782,724,73
121,782,740,73
122,782,760,73
123,782,776,73
124,782,796,73
125,780,826,73
126,780,840,73
127,780,858,73
128,780,874,73
129,780,884,73
130,780,898,73
131,780,916,73
132,780,936,73
133,780,958,73
134,780,978,73
135,780,994,73
136,780,1006,73
137,778,1026,73
138,778,1044,73
139,778,1060,73
140,778,1066,73
141,778,1088,73
142,778,1102,73
143,778,1112,73
144,778,1124,73
145,778,1142,73
146,778,1158,73
147,776,1188,73
148,776,1202,73
149,776,1218,73
150,776,1230,73
151,776,1244,73
152,776,1256,73
153,776,1274,73
154,776,1290,73
155,774,1308,73
156,774,1324,73
157,774,1344,73
158,774,1358,73
146,826,4,74
147,826,8,74
148,824,16,74
149,824,28,74
150,824,34,74
151,824,28,74
0,104,970,75
1,102,990,75
2,102,1002,75
3,102,1020,75
4,102,1034,75
5,102,1052,75
6,102,1070,75
7,102,1088,75
8,100,1108,75
9,100,1124,75
10,100,1142,75
11,100,1162,75
12,100,1182,75
13,98,1206,75
14,98,1226,75
15,98,1236,75
16,98,1242,75
17,98,1250,75
18,98,1266,75
19,98,1282,75
20,98,1300,75
21,96,1322,75
22,96,1342,75
23,96,1362,75
24,96,1370,75
58,26,1370,76
59,26,1362,76
60,26,1358,76
61,26,1360,76
62,24,1370,76
140,292,4,77
141,292,8,77
142,292,10,77
143,292,12,77
144,292,8,77
29,470,8,78
30,470,22,78
31,470,42,78
32,470,58,78
33,470,76,78
34,470,98,78
35,470,110,78
36,470,118,78
37,470,122,78
38,470,130,78
39,468,150,78
40,468,170,78
41,468,190,78
42,468,206,78
43,468,226,78
44,468,242,78
45,468,258,78
46,468,264,78
47,468,286,78
48,468,294,78
49,466,310,78
50,466,334,78
51,466,350,78
52,466,368,78
53,466,386,78
54,466,402,78
55,466,422,78
56,466,444,78
57,466,460,78
58,466,474,78
59,466,480,78
60,466,488,78
61,466,502,78
62,464,522,78
63,464,546,78
64,464,566,78
65,464,578,78
66,464,590,78
67,464,610,78
68,464,630,78
69,464,646,78
70,462,670,78
71,462,686,78
72,462,706,78
73,462,718,78
74,462,734,78
75,462,756,78
76,462,774,78
77,462,798,78
78,462,814,78
79,462,826,78
80,460,852,78
81,460,862,78
82,460,880,78
83,460,902,78
84,460,922,78
85,460,936,78
86,460,946,78
87,458,966,78
88,458,986,78
89,458,1006,78
90,458,1024,78
91,458,1042,78
92,458,1062,78
93,458,1084,78
94,458,1100,78
95,456,1126,78
96,456,1142,78
97,456,1162,78
98,456,1186,78
99,456,1204,78
100,454,1230,78
101,454,1250,78
102,454,1270,78
103,454,1290,78
104,454,1302,78
105,454,1318,78
106,454,1342,78
107,452,1362,78
108,454,1370,78
91,24,1368,79
92,26,1344,79
93,26,1350,79
94,26,1354,79
95,24,1362,79
96,24,1370,79
0,179,558,80
1,179,586,80
2,179,607,80
3,179,631,80
4,178,657,80
5,178,681,80
6,178,705,80
7,177,728,80
8,177,753,80
9,177,777,80
10,176,792,80
11,176,817,80
12,176,844,80
13,176,863,80
14,175,883,80
15,175,908,80
16,175,931,80
17,174,954,80
18,174,980,80
19,174,1000,80
20,174,1026,80
21,173,1058,80
22,173,1068,80
23,173,1090,80
24,172,1112,80
25,172,1134,80
26,172,1158,80
27,172,1181,80
28,171,1206,80
29,171,1233,80
30,171,1247,80
31,170,1272,80
32,170,1293,80
33,170,1313,80
34,170,1340,80
35,169,1357,80
36,169,1366,80
78,115,5,81
79,115,18,81
80,115,24,81
81,115,36,81
82,115,50,81
83,115,67,81
84,114,78,81
85,114,94,81
86,114,101,81
87,114,114,81
88,114,124,81
89,114,141,81
90,113,156,81
91,113,174,81
92,113,188,81
93,113,205,81
94,113,216,81
95,112,228,81
96,112,245,81
97,112,257,81
98,112,267,81
99,112,285,81
100,112,300,81
101,111,317,81
102,111,327,81
103,111,348,81
104,111,359,81
105,111,376,81
106,110,388,81
107,110,407,81
108,110,425,81
109,110,444,81
110,110,456,81
111,109,470,81
112,109,492,81
113,109,505,81
114,109,523,81
115,108,548,81
116,108,560,81
117,108,578,81
118,108,593,81
119,108,605,81
120,108,619,81
121,107,640,81
122,107,659,81
123,107,674,81
124,107,701,81
125,106,718,81
126,106,741,81
127,106,757,81
128,106,774,81
129,105,788,81
130,105,806,81
131,105,821,81
132,105,840,81
133,105,859,81
134,104,879,81
135,104,893,81
136,104,918,81
137,104,938,81
138,103,951,81
139,103,965,81
140,103,978,81
141,103,1000,81
142,103,1014,81
143,102,1031,81
144,102,1053,81
145,102,1071,81
146,102,1084,81
147,101,1101,81
148,101,1123,81
149,101,1130,81
150,101,1145,81
151,101,1152,81
152,101,1167,81
153,100,1183,81
154,100,1201,81
155,100,1220,81
156,100,1241,81
157,100,1258,81
158,99,1276,81
159,99,1311,81
160,99,1311,81
161,99,1318,81
162,99,1330,81
163,98,1347,81
164,98,1366,81
177,293,8,82
178,293,24,82
179,293,37,82
180,292,56,82
0,383,1304,83
1,383,1324,83
2,383,1343,83
3,383,1363,83
4,383,1373,83
175,435,3,84
176,435,18,84
177,435,33,84
178,435,45,84
179,435,57,84
180,435,68,84
178,525,1373,85
179,525,1363,85
180,525,1350,85
0,645,258,86
1,645,278,86
2,645,294,86
3,645,310,86
4,644,334,86
5,644,352,86
6,644,374,86
7,644,392,86
8,644,404,86
9,643,425,86
10,643,444,86
11,643,468,86
12,643,488,86
13,642,506,86
14,642,531,86
15,642,551,86
16,642,568,86
17,641,591,86
18,641,608,86
19,641,633,86
20,641,648,86
21,640,670,86
22,640,690,86
23,640,699,86
24,640,708,86
25,639,731,86
26,639,756,86
27,639,773,86
28,639,792,86
29,639,806,86
30,638,820,86
31,638,838,86
32,638,861,86
33,638,876,86
34,637,898,86
35,637,911,86
36,637,931,86
37,637,956,86
38,636,978,86
39,636,996,86
40,636,1016,86
41,636,1036,86
42,635,1058,86
43,635,1076,86
44,635,1092,86
45,635,1106,86
46,635,1125,86
47,634,1153,86
48,634,1170,86
49,634,1191,86
50,633,1217,86
51,633,1232,86
52,633,1250,86
53,633,1266,86
54,633,1283,86
55,632,1306,86
56,632,1320,86
57,632,1338,86
58,632,1360,86
0,681,237,87
1,681,260,87
2,681,284,87
3,680,301,87
4,680,321,87
5,680,346,87
6,680,363,87
7,679,387,87
8,679,405,87
9,679,421,87
10,679,447,87
11,678,473,87
12,678,488,87
13,678,513,87
14,678,531,87
15,677,554,87
16,677,577,87
17,677,604,87
18,676,625,87
19,676,645,87
20,676,673,87
21,675,696,87
22,675,717,87
23,675,740,87
24,675,766,87
25,674,781,87
26,674,804,87
27,674,825,87
28,674,847,87
29,673,874,87
30,673,894,87
31,673,919,87
32,672,938,87
33,672,957,87
34,672,976,87
35,672,1003,87
36,671,1026,87
37,671,1052,87
38,671,1070,87
39,670,1096,87
40,670,1116,87
41,670,1134,87
42,670,1158,87
43,669,1181,87
44,669,1200,87
45,669,1225,87
46,669,1247,87
47,668,1268,87
48,668,1296,87
49,668,1316,87
50,667,1340,87
51,667,1364,87
0,810,1320,88
1,810,1336,88
2,809,1354,88
3,809,1367,88
0,1001,280,89
1,1000,280,89
2,1000,280,89
3,1000,282,89
4,1000,278,89
5,1000,274,89
6,1000,278,89
7,1000,282,89
8,1002,286,89
9,1000,290,89
10,1000,286,89
11,1000,282,89
12,1000,280,89
13,1000,286,89
14,1000,292,89
15,1000,298,89
16,1000,298,89
17,1000,304,89
18,1000,314,89
19,1000,322,89
20,1000,328,89
21,998,328,89
22,999,328,89
23,1000,330,89
24,1000,328,89
25,998,334,89
26,1000,334,89
27,1000,336,89
28,1000,332,89
29,1000,336,89
30,1000,338,89
31,1000,338,89
32,1000,338,89
33,998,340,89
34,1000,350,89
35,998,360,89
36,998,362,89
37,1000,366,89
38,998,374,89
39,998,384,89
40,998,386,89
41,1000,396,89
42,998,400,89
43,998,398,89
44,998,394,89
45,998,398,89
46,998,398,89
47,998,402,89
48,998,408,89
49,998,416,89
50,998,422,89
51,998,424,89
52,998,434,89
53,998,438,89
54,998,440,89
55,998,436,89
56,998,442,89
57,998,446,89
58,998,450,89
59,998,450,89
60,998,458,89
61,998,460,89
62,998,468,89
63,998,472,89
64,998,476,89
65,998,480,89
66,998,486,89
67,998,484,89
68,998,486,89
69,998,488,89
70,998,502,89
71,998,516,89
72,998,524,89
73,998,538,89
74,998,558,89
75,998,566,89
76,996,572,89
77,998,570,89
78,998,572,89
79,996,590,89
80,996,606,89
81,996,614,89
82,996,628,89
83,996,636,89
84,995,651,89
85,996,654,89
86,996,660,89
87,996,662,89
88,996,668,89
89,996,678,89
90,996,690,89
91,996,700,89
92,996,716,89
93,996,720,89
94,994,728,89
95,996,730,89
96,996,734,89
97,994,750,89
98,994,762,89
99,994,778,89
100,994,798,89
101,994,810,89
102,994,826,89
103,994,842,89
104,994,846,89
105,994,848,89
106,994,848,89
107,994,850,89
108,994,854,89
109,994,866,89
110,994,886,89
111,992,902,89
112,994,918,89
113,992,922,89
114,992,928,89
115,992,928,89
116,992,934,89
117,992,948,89
118,992,972,89
119,992,992,89
120,992,1000,89
121,992,1006,89
122,992,1004,89
123,992,1008,89
124,992,1014,89
125,992,1032,89
126,992,1046,89
127,992,1054,89
128,992,1068,89
129,992,1070,89
130,992,1072,89
131,992,1078,89
132,990,1092,89
133,990,1108,89
134,992,1126,89
135,992,1136,89
136,990,1146,89
137,990,1156,89
138,990,1160,89
139,990,1176,89
140,990,1202,89
141,990,1210,89
142,990,1212,89
143,990,1220,89
144,990,1228,89
145,990,1240,89
146,990,1254,89
147,990,1270,89
148,990,1284,89
149,990,1294,89
150,988,1300,89
151,988,1302,89
152,988,1316,89
153,988,1328,89
154,990,1342,89
155,990,1354,89
156,990,1366,89
